world,draw,decision,after_pass,true_crossing,pred_C_median,pred_C_lo,pred_C_hi,err_C,abs_err_C,in_band_C,band_mass_C,pred_A,err_A,abs_err_A,pred_D,err_D,abs_err_D
matched,0,after_pass_2,2,15,17,14,20,2,2,True,0.933943,13,-2,2,17,2,2
matched,0,after_pass_5,5,15,17,14,19,2,2,True,0.94935,13,-2,2,17,2,2
matched,0,last_pass_before_crossing,14,15,15,15,16,0,0,True,0.987451,13,-2,2,15,0,0
matched,1,after_pass_2,2,16,15,13,18,-1,1,True,0.93964,13,-3,3,13,-3,3
matched,1,after_pass_5,5,16,15,13,17,-1,1,True,0.95601,13,-3,3,14,-2,2
matched,1,last_pass_before_crossing,15,16,16,15,17,0,0,True,1,13,-3,3,17,1,1
matched,2,after_pass_2,2,10,9,9,11,-1,1,True,0.967153,13,3,3,8,-2,2
matched,2,after_pass_5,5,10,9,9,11,-1,1,True,1,13,3,3,9,-1,1
matched,2,last_pass_before_crossing,9,10,10,10,11,0,0,True,0.99915,13,3,3,11,1,1
matched,3,after_pass_2,2,9,9,8,10,0,0,True,0.964173,13,4,4,9,0,0
matched,3,after_pass_5,5,9,9,9,10,0,0,True,0.986391,13,4,4,9,0,0
matched,3,last_pass_before_crossing,8,9,9,9,9,0,0,True,0.995775,13,4,4,9,0,0
matched,4,after_pass_2,2,7,8,7,9,1,1,True,0.998488,13,6,6,8,1,1
matched,4,after_pass_5,5,7,8,7,8,1,1,True,0.980193,13,6,6,8,1,1
matched,4,last_pass_before_crossing,6,7,7,7,8,0,0,True,0.99965,13,6,6,7,0,0
matched,5,after_pass_2,2,11,11,10,13,0,0,True,0.953343,13,2,2,11,0,0
matched,5,after_pass_5,5,11,11,10,12,0,0,True,0.977587,13,2,2,11,0,0
matched,5,last_pass_before_crossing,10,11,11,11,11,0,0,True,1,13,2,2,11,0,0
matched,6,after_pass_2,2,21,23,17,31,2,2,True,0.943541,13,-8,8,22,1,1
matched,6,after_pass_5,5,21,22,18,27,1,1,True,0.92816,13,-8,8,21,0,0
matched,6,last_pass_before_crossing,20,21,21,21,22,0,0,True,0.976466,13,-8,8,21,0,0
matched,7,after_pass_2,2,19,21,17,26,2,2,True,0.936531,13,-6,6,24,5,5
matched,7,after_pass_5,5,19,19,16,23,0,0,True,0.927246,13,-6,6,19,0,0
matched,7,last_pass_before_crossing,18,19,21,19,22,2,2,True,0.969346,13,-6,6,21,2,2
matched,8,after_pass_2,2,15,17,14,21,2,2,True,0.957686,13,-2,2,15,0,0
matched,8,after_pass_5,5,15,15,14,19,0,0,True,0.961458,13,-2,2,15,0,0
matched,8,last_pass_before_crossing,14,15,16,15,17,1,1,True,1,13,-2,2,16,1,1
matched,9,after_pass_2,2,13,13,12,16,0,0,True,0.929505,13,0,0,17,4,4
matched,9,after_pass_5,5,13,13,12,15,0,0,True,0.969006,13,0,0,13,0,0
matched,9,last_pass_before_crossing,12,13,13,13,14,0,0,True,0.999206,13,0,0,13,0,0
matched,10,after_pass_2,2,18,16,13,19,-2,2,True,0.948736,13,-5,5,13,-5,5
matched,10,after_pass_5,5,18,17,15,20,-1,1,True,0.920321,13,-5,5,17,-1,1
matched,10,last_pass_before_crossing,17,18,18,17,19,0,0,True,0.994107,13,-5,5,19,1,1
matched,11,after_pass_2,2,15,15,13,19,0,0,True,0.977993,13,-2,2,14,-1,1
matched,11,after_pass_5,5,15,15,13,17,0,0,True,0.969284,13,-2,2,15,0,0
matched,11,last_pass_before_crossing,14,15,15,15,15,0,0,True,0.9982,13,-2,2,15,0,0
matched,12,after_pass_2,2,13,13,11,15,0,0,True,0.985906,13,0,0,11,-2,2
matched,12,after_pass_5,5,13,13,11,15,0,0,True,0.996568,13,0,0,12,-1,1
matched,12,last_pass_before_crossing,12,13,13,13,13,0,0,True,0.999669,13,0,0,13,0,0
matched,13,after_pass_2,2,13,12,11,14,-1,1,True,0.952594,13,0,0,11,-2,2
matched,13,after_pass_5,5,13,13,11,14,0,0,True,0.983348,13,0,0,12,-1,1
matched,13,last_pass_before_crossing,12,13,13,13,13,0,0,True,1,13,0,0,13,0,0
matched,14,after_pass_2,2,11,12,10,13,1,1,True,0.953579,13,2,2,11,0,0
matched,14,after_pass_5,5,11,11,11,13,0,0,True,0.973366,13,2,2,11,0,0
matched,14,last_pass_before_crossing,10,11,11,11,11,0,0,True,0.99631,13,2,2,11,0,0
matched,15,after_pass_2,2,11,10,9,12,-1,1,True,0.988687,13,2,2,10,-1,1
matched,15,after_pass_5,5,11,11,9,11,0,0,True,0.985051,13,2,2,11,0,0
matched,15,last_pass_before_crossing,10,11,11,10,11,0,0,True,1,13,2,2,11,0,0
matched,16,after_pass_2,2,22,21,17,27,-1,1,True,0.940318,13,-9,9,23,1,1
matched,16,after_pass_5,5,22,22,19,27,0,0,True,0.908893,13,-9,9,21,-1,1
matched,17,after_pass_2,2,25,23,19,32,-2,2,True,0.92306,13,-12,12,23,-2,2
matched,17,after_pass_5,5,25,23,19,30,-2,2,True,0.944568,13,-12,12,22,-3,3
matched,18,after_pass_2,2,11,12,11,14,1,1,True,0.941142,13,2,2,11,0,0
matched,18,after_pass_5,5,11,12,11,13,1,1,True,0.959565,13,2,2,12,1,1
matched,18,last_pass_before_crossing,10,11,11,11,11,0,0,True,0.995702,13,2,2,11,0,0
matched,19,after_pass_2,2,14,14,12,17,0,0,True,0.951925,13,-1,1,11,-3,3
matched,19,after_pass_5,5,14,15,13,17,1,1,True,0.964894,13,-1,1,15,1,1
matched,19,last_pass_before_crossing,13,14,14,14,15,0,0,True,0.999512,13,-1,1,14,0,0
matched,20,after_pass_2,2,11,11,10,13,0,0,True,0.956954,13,2,2,11,0,0
matched,20,after_pass_5,5,11,11,11,13,0,0,True,0.960484,13,2,2,11,0,0
matched,20,last_pass_before_crossing,10,11,11,11,12,0,0,True,0.999846,13,2,2,11,0,0
matched,21,after_pass_2,2,14,15,13,18,1,1,True,0.912039,13,-1,1,13,-1,1
matched,21,after_pass_5,5,14,14,12,16,0,0,True,0.971337,13,-1,1,13,-1,1
matched,21,last_pass_before_crossing,13,14,14,13,15,0,0,True,1,13,-1,1,14,0,0
matched,22,after_pass_2,2,13,12,11,14,-1,1,True,0.952806,13,0,0,11,-2,2
matched,22,after_pass_5,5,13,13,11,14,0,0,True,0.97156,13,0,0,12,-1,1
matched,22,last_pass_before_crossing,12,13,13,13,13,0,0,True,0.996684,13,0,0,13,0,0
matched,23,after_pass_2,2,7,7,7,8,0,0,True,0.963149,13,6,6,7,0,0
matched,23,after_pass_5,5,7,7,7,8,0,0,True,0.999791,13,6,6,7,0,0
matched,23,last_pass_before_crossing,6,7,7,7,8,0,0,True,0.999676,13,6,6,7,0,0
matched,24,after_pass_2,2,8,8,7,9,0,0,True,0.999043,13,5,5,8,0,0
matched,24,after_pass_5,5,8,8,7,8,0,0,True,0.971712,13,5,5,7,-1,1
matched,24,last_pass_before_crossing,7,8,8,8,8,0,0,True,0.999732,13,5,5,8,0,0
matched,25,after_pass_2,2,17,17,14,21,0,0,True,0.938856,13,-4,4,18,1,1
matched,25,after_pass_5,5,17,17,15,21,0,0,True,0.963198,13,-4,4,17,0,0
matched,25,last_pass_before_crossing,16,17,17,17,18,0,0,True,0.962956,13,-4,4,17,0,0
matched,26,after_pass_2,2,15,15,13,19,0,0,True,0.978505,13,-2,2,17,2,2
matched,26,after_pass_5,5,15,15,13,17,0,0,True,0.969425,13,-2,2,14,-1,1
matched,26,last_pass_before_crossing,14,15,15,15,15,0,0,True,0.967086,13,-2,2,15,0,0
matched,27,after_pass_2,2,13,13,12,16,0,0,True,0.929321,13,0,0,12,-1,1
matched,27,after_pass_5,5,13,13,12,15,0,0,True,0.963104,13,0,0,13,0,0
matched,27,last_pass_before_crossing,12,13,14,13,14,1,1,True,0.958015,13,0,0,14,1,1
matched,28,after_pass_2,2,13,13,12,17,0,0,True,0.935097,13,0,0,11,-2,2
matched,28,after_pass_5,5,13,13,12,15,0,0,True,0.939781,13,0,0,13,0,0
matched,28,last_pass_before_crossing,12,13,13,13,13,0,0,True,0.995629,13,0,0,13,0,0
matched,29,after_pass_2,2,10,11,10,13,1,1,True,0.960248,13,3,3,11,1,1
matched,29,after_pass_5,5,10,11,10,13,1,1,True,0.996412,13,3,3,11,1,1
matched,29,last_pass_before_crossing,9,10,11,11,11,1,1,False,0.975828,13,3,3,11,1,1
matched,30,after_pass_2,2,19,19,15,23,0,0,True,0.953042,13,-6,6,18,-1,1
matched,30,after_pass_5,5,19,19,16,23,0,0,True,0.942796,13,-6,6,17,-2,2
matched,30,last_pass_before_crossing,18,19,19,19,20,0,0,True,0.980291,13,-6,6,19,0,0
matched,31,after_pass_2,2,9,9,8,9,0,0,True,0.948077,13,4,4,8,-1,1
matched,31,after_pass_5,5,9,9,8,9,0,0,True,0.996355,13,4,4,9,0,0
matched,31,last_pass_before_crossing,8,9,9,8,9,0,0,True,1,13,4,4,9,0,0
matched,32,after_pass_2,2,24,21,17,29,-3,3,True,0.949695,13,-11,11,21,-3,3
matched,32,after_pass_5,5,24,25,21,34,1,1,True,0.918145,13,-11,11,31,7,7
matched,33,after_pass_2,2,17,15,13,18,-2,2,True,0.952251,13,-4,4,17,0,0
matched,33,after_pass_5,5,17,15,13,17,-2,2,True,0.975557,13,-4,4,14,-3,3
matched,33,last_pass_before_crossing,16,17,17,17,18,0,0,True,0.977882,13,-4,4,19,2,2
matched,34,after_pass_2,2,8,8,7,9,0,0,True,0.999471,13,5,5,7,-1,1
matched,34,after_pass_5,5,8,8,7,9,0,0,True,1,13,5,5,8,0,0
matched,34,last_pass_before_crossing,7,8,8,8,9,0,0,True,1,13,5,5,9,1,1
matched,35,after_pass_2,2,15,15,13,19,0,0,True,0.928209,13,-2,2,21,6,6
matched,35,after_pass_5,5,15,15,13,18,0,0,True,0.957383,13,-2,2,17,2,2
matched,35,last_pass_before_crossing,14,15,15,15,16,0,0,True,0.951563,13,-2,2,15,0,0
matched,36,after_pass_2,2,15,13,12,16,-2,2,True,0.934518,13,-2,2,12,-3,3
matched,36,after_pass_5,5,15,14,13,16,-1,1,True,0.941259,13,-2,2,14,-1,1
matched,36,last_pass_before_crossing,14,15,15,14,15,0,0,True,0.998457,13,-2,2,15,0,0
matched,37,after_pass_2,2,8,9,8,9,1,1,True,0.960718,13,5,5,9,1,1
matched,37,after_pass_5,5,8,8,8,9,0,0,True,0.998256,13,5,5,8,0,0
matched,37,last_pass_before_crossing,7,8,8,8,9,0,0,True,1,13,5,5,8,0,0
matched,38,after_pass_2,2,6,6,5,6,0,0,True,0.959523,13,7,7,6,0,0
matched,38,after_pass_5,5,6,6,6,6,0,0,True,0.990118,13,7,7,6,0,0
matched,38,last_pass_before_crossing,5,6,6,6,6,0,0,True,0.990118,13,7,7,6,0,0
matched,39,after_pass_2,2,11,11,10,13,0,0,True,0.975564,13,2,2,13,2,2
matched,39,after_pass_5,5,11,11,11,13,0,0,True,0.972805,13,2,2,12,1,1
matched,39,last_pass_before_crossing,10,11,11,11,12,0,0,True,0.990804,13,2,2,11,0,0
matched,40,after_pass_2,2,13,12,11,15,-1,1,True,0.971992,13,0,0,12,-1,1
matched,40,after_pass_5,5,13,13,11,14,0,0,True,0.957949,13,0,0,12,-1,1
matched,40,last_pass_before_crossing,12,13,13,13,14,0,0,True,1,13,0,0,14,1,1
matched,41,after_pass_2,2,13,14,12,17,1,1,True,0.948037,13,0,0,14,1,1
matched,41,after_pass_5,5,13,14,13,17,1,1,True,0.963948,13,0,0,14,1,1
matched,41,last_pass_before_crossing,12,13,13,13,13,0,0,True,0.990004,13,0,0,13,0,0
matched,42,after_pass_2,2,11,11,10,13,0,0,True,0.972095,13,2,2,11,0,0
matched,42,after_pass_5,5,11,11,11,13,0,0,True,0.982886,13,2,2,11,0,0
matched,42,last_pass_before_crossing,10,11,11,11,12,0,0,True,0.999386,13,2,2,11,0,0
matched,43,after_pass_2,2,17,16,13,20,-1,1,True,0.965538,13,-4,4,19,2,2
matched,43,after_pass_5,5,17,17,15,20,0,0,True,0.928935,13,-4,4,17,0,0
matched,43,last_pass_before_crossing,16,17,17,16,17,0,0,True,1,13,-4,4,17,0,0
matched,44,after_pass_2,2,14,16,13,20,2,2,True,0.966221,13,-1,1,13,-1,1
matched,44,after_pass_5,5,14,15,13,18,1,1,True,0.976359,13,-1,1,15,1,1
matched,44,last_pass_before_crossing,13,14,14,14,15,0,0,True,0.996479,13,-1,1,14,0,0
matched,45,after_pass_2,2,9,9,9,11,0,0,True,0.958763,13,4,4,8,-1,1
matched,45,after_pass_5,5,9,9,9,10,0,0,True,0.961941,13,4,4,9,0,0
matched,45,last_pass_before_crossing,8,9,9,9,10,0,0,True,0.998095,13,4,4,10,1,1
matched,46,after_pass_2,2,8,9,8,10,1,1,True,0.987912,13,5,5,8,0,0
matched,46,after_pass_5,5,8,9,8,9,1,1,True,0.997496,13,5,5,8,0,0
matched,46,last_pass_before_crossing,7,8,9,8,9,1,1,True,1,13,5,5,8,0,0
matched,47,after_pass_2,2,17,17,14,21,0,0,True,0.945245,13,-4,4,17,0,0
matched,47,after_pass_5,5,17,16,14,19,-1,1,True,0.946388,13,-4,4,15,-2,2
matched,47,last_pass_before_crossing,16,17,17,16,17,0,0,True,0.973549,13,-4,4,17,0,0
matched,48,after_pass_2,2,8,9,7,9,1,1,True,0.989824,13,5,5,8,0,0
matched,48,after_pass_5,5,8,8,8,9,0,0,True,0.993114,13,5,5,8,0,0
matched,48,last_pass_before_crossing,7,8,8,8,8,0,0,True,0.993762,13,5,5,8,0,0
matched,49,after_pass_2,2,15,16,13,19,1,1,True,0.968295,13,-2,2,16,1,1
matched,49,after_pass_5,5,15,15,13,17,0,0,True,0.968891,13,-2,2,14,-1,1
matched,49,last_pass_before_crossing,14,15,15,15,16,0,0,True,0.986599,13,-2,2,15,0,0
matched,50,after_pass_2,2,17,18,15,22,1,1,True,0.934846,13,-4,4,15,-2,2
matched,50,after_pass_5,5,17,18,15,21,1,1,True,0.946582,13,-4,4,17,0,0
matched,50,last_pass_before_crossing,16,17,17,17,17,0,0,True,0.97997,13,-4,4,17,0,0
matched,51,after_pass_2,2,16,16,13,19,0,0,True,0.950794,13,-3,3,21,5,5
matched,51,after_pass_5,5,16,16,14,19,0,0,True,0.967001,13,-3,3,16,0,0
matched,51,last_pass_before_crossing,15,16,16,16,17,0,0,True,0.999126,13,-3,3,16,0,0
matched,52,after_pass_2,2,19,18,15,23,-1,1,True,0.922721,13,-6,6,17,-2,2
matched,52,after_pass_5,5,19,19,16,23,0,0,True,0.937103,13,-6,6,18,-1,1
matched,52,last_pass_before_crossing,18,19,19,18,19,0,0,True,0.994161,13,-6,6,19,0,0
matched,53,after_pass_2,2,15,14,12,16,-1,1,True,0.920319,13,-2,2,13,-2,2
matched,53,after_pass_5,5,15,14,13,16,-1,1,True,0.931912,13,-2,2,13,-2,2
matched,53,last_pass_before_crossing,14,15,15,15,15,0,0,True,0.963325,13,-2,2,15,0,0
matched,54,after_pass_2,2,13,13,11,15,0,0,True,0.963096,13,0,0,11,-2,2
matched,54,after_pass_5,5,13,13,12,15,0,0,True,0.968186,13,0,0,14,1,1
matched,54,last_pass_before_crossing,12,13,13,13,13,0,0,True,0.987481,13,0,0,13,0,0
matched,55,after_pass_2,2,11,11,10,13,0,0,True,0.96732,13,2,2,11,0,0
matched,55,after_pass_5,5,11,11,10,12,0,0,True,0.968325,13,2,2,10,-1,1
matched,55,last_pass_before_crossing,10,11,11,11,11,0,0,True,0.965806,13,2,2,11,0,0
matched,56,after_pass_2,2,11,12,11,13,1,1,True,0.919593,13,2,2,11,0,0
matched,56,after_pass_5,5,11,11,11,13,0,0,True,0.98308,13,2,2,11,0,0
matched,56,last_pass_before_crossing,10,11,11,11,11,0,0,True,1,13,2,2,11,0,0
matched,57,after_pass_2,2,22,25,20,35,3,3,True,0.916969,13,-9,9,23,1,1
matched,57,after_pass_5,5,22,25,21,32,3,3,True,0.915104,13,-9,9,24,2,2
matched,58,after_pass_2,2,13,13,11,15,0,0,True,0.979617,13,0,0,13,0,0
matched,58,after_pass_5,5,13,12,11,13,-1,1,True,0.958256,13,0,0,12,-1,1
matched,58,last_pass_before_crossing,12,13,13,12,13,0,0,True,1,13,0,0,13,0,0
matched,59,after_pass_2,2,16,16,14,20,0,0,True,0.9166,13,-3,3,22,6,6
matched,59,after_pass_5,5,16,16,14,19,0,0,True,0.948115,13,-3,3,16,0,0
matched,59,last_pass_before_crossing,15,16,16,16,17,0,0,True,0.995514,13,-3,3,16,0,0
matched,60,after_pass_2,2,12,12,11,13,0,0,True,0.926654,13,1,1,13,1,1
matched,60,after_pass_5,5,12,12,11,13,0,0,True,0.983537,13,1,1,12,0,0
matched,60,last_pass_before_crossing,11,12,12,12,12,0,0,True,0.966749,13,1,1,12,0,0
matched,61,after_pass_2,2,11,11,10,13,0,0,True,0.972409,13,2,2,11,0,0
matched,61,after_pass_5,5,11,11,10,12,0,0,True,0.951184,13,2,2,11,0,0
matched,61,last_pass_before_crossing,10,11,11,11,11,0,0,True,1,13,2,2,11,0,0
matched,62,after_pass_2,2,8,8,7,9,0,0,True,0.992874,13,5,5,7,-1,1
matched,62,after_pass_5,5,8,8,7,9,0,0,True,1,13,5,5,8,0,0
matched,62,last_pass_before_crossing,7,8,8,8,9,0,0,True,1,13,5,5,9,1,1
matched,63,after_pass_2,2,11,11,9,12,0,0,True,0.968988,13,2,2,11,0,0
matched,63,after_pass_5,5,11,11,10,11,0,0,True,0.941084,13,2,2,11,0,0
matched,63,last_pass_before_crossing,10,11,11,11,11,0,0,True,0.99865,13,2,2,11,0,0
matched,64,after_pass_2,2,10,10,9,11,0,0,True,0.97915,13,3,3,10,0,0
matched,64,after_pass_5,5,10,10,9,11,0,0,True,0.989052,13,3,3,10,0,0
matched,64,last_pass_before_crossing,9,10,10,10,11,0,0,True,1,13,3,3,10,0,0
matched,65,after_pass_2,2,18,21,17,26,3,3,True,0.942452,13,-5,5,21,3,3
matched,65,after_pass_5,5,18,21,17,25,3,3,True,0.95653,13,-5,5,19,1,1
matched,65,last_pass_before_crossing,17,18,18,18,19,0,0,True,0.997054,13,-5,5,18,0,0
matched,66,after_pass_2,2,10,11,9,13,1,1,True,0.991594,13,3,3,10,0,0
matched,66,after_pass_5,5,10,11,10,12,1,1,True,0.95506,13,3,3,11,1,1
matched,66,last_pass_before_crossing,9,10,10,10,11,0,0,True,1,13,3,3,10,0,0
matched,67,after_pass_2,2,11,11,10,13,0,0,True,0.951782,13,2,2,11,0,0
matched,67,after_pass_5,5,11,11,10,12,0,0,True,0.948003,13,2,2,11,0,0
matched,67,last_pass_before_crossing,10,11,11,11,11,0,0,True,0.992798,13,2,2,11,0,0
matched,68,after_pass_2,2,12,12,11,15,0,0,True,0.957266,13,1,1,10,-2,2
matched,68,after_pass_5,5,12,13,11,15,1,1,True,0.994223,13,1,1,13,1,1
matched,68,last_pass_before_crossing,11,12,11,11,12,-1,1,True,0.994084,13,1,1,12,0,0
matched,69,after_pass_2,2,13,13,12,16,0,0,True,0.935362,13,0,0,14,1,1
matched,69,after_pass_5,5,13,13,12,15,0,0,True,0.951807,13,0,0,13,0,0
matched,69,last_pass_before_crossing,12,13,13,13,14,0,0,True,0.998876,13,0,0,13,0,0
matched,70,after_pass_2,2,8,7,7,9,-1,1,True,1,13,5,5,7,-1,1
matched,70,after_pass_5,5,8,8,7,8,0,0,True,0.981799,13,5,5,8,0,0
matched,70,last_pass_before_crossing,7,8,8,7,8,0,0,True,1,13,5,5,8,0,0
matched,71,after_pass_2,2,13,11,9,13,-2,2,True,0.996203,13,0,0,11,-2,2
matched,71,after_pass_5,5,13,12,11,14,-1,1,True,0.984141,13,0,0,12,-1,1
matched,71,last_pass_before_crossing,12,13,13,13,13,0,0,True,0.994401,13,0,0,13,0,0
matched,72,after_pass_2,2,19,17,14,20,-2,2,True,0.926123,13,-6,6,16,-3,3
matched,72,after_pass_5,5,19,19,17,23,0,0,True,0.914011,13,-6,6,21,2,2
matched,72,last_pass_before_crossing,18,19,19,19,20,0,0,True,0.993083,13,-6,6,19,0,0
matched,73,after_pass_2,2,27,25,19,32,-2,2,True,0.940391,13,-14,14,30,3,3
matched,73,after_pass_5,5,27,27,22,35,0,0,True,0.933728,13,-14,14,28,1,1
matched,74,after_pass_2,2,8,7,7,8,-1,1,True,0.975345,13,5,5,7,-1,1
matched,74,after_pass_5,5,8,7,7,8,-1,1,True,0.996714,13,5,5,7,-1,1
matched,74,last_pass_before_crossing,7,8,7,7,8,-1,1,True,1,13,5,5,8,0,0
matched,75,after_pass_2,2,19,17,15,22,-2,2,True,0.921306,13,-6,6,17,-2,2
matched,75,after_pass_5,5,19,19,16,23,0,0,True,0.945282,13,-6,6,17,-2,2
matched,75,last_pass_before_crossing,18,19,18,17,19,-1,1,True,0.999394,13,-6,6,19,0,0
matched,76,after_pass_2,2,9,10,9,11,1,1,True,0.964528,13,4,4,9,0,0
matched,76,after_pass_5,5,9,10,9,11,1,1,True,0.998651,13,4,4,10,1,1
matched,76,last_pass_before_crossing,8,9,9,9,10,0,0,True,1,13,4,4,9,0,0
matched,77,after_pass_2,2,19,19,15,24,0,0,True,0.940921,13,-6,6,14,-5,5
matched,77,after_pass_5,5,19,17,15,21,-2,2,True,0.947392,13,-6,6,16,-3,3
matched,77,last_pass_before_crossing,18,19,19,19,20,0,0,True,0.984728,13,-6,6,20,1,1
matched,78,after_pass_2,2,8,8,7,9,0,0,True,0.996429,13,5,5,8,0,0
matched,78,after_pass_5,5,8,8,8,9,0,0,True,0.976983,13,5,5,8,0,0
matched,78,last_pass_before_crossing,7,8,8,8,9,0,0,True,1,13,5,5,8,0,0
matched,79,after_pass_2,2,14,15,13,17,1,1,True,0.926979,13,-1,1,17,3,3
matched,79,after_pass_5,5,14,15,13,17,1,1,True,0.948691,13,-1,1,16,2,2
matched,79,last_pass_before_crossing,13,14,14,13,15,0,0,True,1,13,-1,1,14,0,0
matched,80,after_pass_2,2,24,23,17,33,-1,1,True,0.949242,13,-11,11,42,18,18
matched,80,after_pass_5,5,24,23,19,30,-1,1,True,0.924294,13,-11,11,24,0,0
matched,81,after_pass_2,2,16,19,15,23,3,3,True,0.936217,13,-3,3,18,2,2
matched,81,after_pass_5,5,16,18,15,22,2,2,True,0.967333,13,-3,3,17,1,1
matched,81,last_pass_before_crossing,15,16,16,16,17,0,0,True,0.992342,13,-3,3,16,0,0
matched,82,after_pass_2,2,13,13,11,16,0,0,True,0.97702,13,0,0,13,0,0
matched,82,after_pass_5,5,13,13,12,15,0,0,True,0.947378,13,0,0,13,0,0
matched,82,last_pass_before_crossing,12,13,13,13,13,0,0,True,0.96863,13,0,0,13,0,0
matched,83,after_pass_2,2,7,7,7,7,0,0,True,0.970587,13,6,6,7,0,0
matched,83,after_pass_5,5,7,7,7,7,0,0,True,0.996453,13,6,6,7,0,0
matched,83,last_pass_before_crossing,6,7,7,7,7,0,0,True,1,13,6,6,7,0,0
matched,84,after_pass_2,2,14,15,13,19,1,1,True,0.982729,13,-1,1,14,0,0
matched,84,after_pass_5,5,14,15,13,17,1,1,True,0.967085,13,-1,1,13,-1,1
matched,84,last_pass_before_crossing,13,14,15,14,15,1,1,True,0.998024,13,-1,1,15,1,1
matched,85,after_pass_2,2,29,35,24,56,6,6,True,0.915605,13,-16,16,67,38,38
matched,85,after_pass_5,5,29,27,21,37,-2,2,True,0.920613,13,-16,16,26,-3,3
matched,86,after_pass_2,2,29,26,21,35,-3,3,True,0.920051,13,-16,16,25,-4,4
matched,86,after_pass_5,5,29,27,22,35,-2,2,True,0.925356,13,-16,16,29,0,0
matched,87,after_pass_2,2,7,7,6,7,0,0,True,0.997345,13,6,6,7,0,0
matched,87,after_pass_5,5,7,7,7,7,0,0,True,1,13,6,6,7,0,0
matched,87,last_pass_before_crossing,6,7,7,7,7,0,0,True,1,13,6,6,7,0,0
matched,88,after_pass_2,2,17,17,14,21,0,0,True,0.95987,13,-4,4,18,1,1
matched,88,after_pass_5,5,17,16,14,19,-1,1,True,0.95865,13,-4,4,14,-3,3
matched,88,last_pass_before_crossing,16,17,17,17,19,0,0,True,0.998891,13,-4,4,19,2,2
matched,89,after_pass_2,2,13,13,12,16,0,0,True,0.928146,13,0,0,14,1,1
matched,89,after_pass_5,5,13,13,11,15,0,0,True,0.99318,13,0,0,13,0,0
matched,89,last_pass_before_crossing,12,13,13,13,13,0,0,True,0.995865,13,0,0,13,0,0
matched,90,after_pass_2,2,14,13,11,15,-1,1,True,0.968581,13,-1,1,11,-3,3
matched,90,after_pass_5,5,14,13,12,15,-1,1,True,0.975672,13,-1,1,13,-1,1
matched,90,last_pass_before_crossing,13,14,14,14,14,0,0,True,0.953274,13,-1,1,14,0,0
matched,91,after_pass_2,2,8,9,8,9,1,1,True,0.957733,13,5,5,8,0,0
matched,91,after_pass_5,5,8,9,8,9,1,1,True,0.997629,13,5,5,9,1,1
matched,91,last_pass_before_crossing,7,8,8,8,9,0,0,True,1,13,5,5,8,0,0
matched,92,after_pass_2,2,10,10,9,12,0,0,True,0.983009,13,3,3,11,1,1
matched,92,after_pass_5,5,10,11,10,11,1,1,True,0.93389,13,3,3,11,1,1
matched,92,last_pass_before_crossing,9,10,11,10,11,1,1,True,0.999451,13,3,3,11,1,1
matched,93,after_pass_2,2,17,17,15,21,0,0,True,0.931492,13,-4,4,20,3,3
matched,93,after_pass_5,5,17,17,15,21,0,0,True,0.968708,13,-4,4,17,0,0
matched,93,last_pass_before_crossing,16,17,17,17,17,0,0,True,0.982969,13,-4,4,17,0,0
matched,94,after_pass_2,2,10,10,9,11,0,0,True,0.973902,13,3,3,11,1,1
matched,94,after_pass_5,5,10,10,9,11,0,0,True,0.987296,13,3,3,10,0,0
matched,94,last_pass_before_crossing,9,10,11,10,11,1,1,True,1,13,3,3,11,1,1
matched,95,after_pass_2,2,17,17,15,21,0,0,True,0.915713,13,-4,4,19,2,2
matched,95,after_pass_5,5,17,16,14,19,-1,1,True,0.958494,13,-4,4,16,-1,1
matched,95,last_pass_before_crossing,16,17,17,17,18,0,0,True,0.991617,13,-4,4,17,0,0
matched,96,after_pass_2,2,9,9,9,11,0,0,True,0.975489,13,4,4,9,0,0
matched,96,after_pass_5,5,9,9,9,11,0,0,True,1,13,4,4,9,0,0
matched,96,last_pass_before_crossing,8,9,9,9,10,0,0,True,1,13,4,4,10,1,1
matched,97,after_pass_2,2,12,13,11,15,1,1,True,0.979623,13,1,1,14,2,2
matched,97,after_pass_5,5,12,11,11,13,-1,1,True,0.974172,13,1,1,11,-1,1
matched,97,last_pass_before_crossing,11,12,12,11,12,0,0,True,0.980142,13,1,1,12,0,0
matched,98,after_pass_2,2,23,23,19,31,0,0,True,0.930434,13,-10,10,30,7,7
matched,98,after_pass_5,5,23,25,20,31,2,2,True,0.945249,13,-10,10,23,0,0
matched,99,after_pass_2,2,12,12,11,13,0,0,True,0.916759,13,1,1,13,1,1
matched,99,after_pass_5,5,12,12,11,13,0,0,True,0.986012,13,1,1,12,0,0
matched,99,last_pass_before_crossing,11,12,12,12,13,0,0,True,0.99951,13,1,1,12,0,0
realistic,0,after_pass_2,2,11,11,9,13,0,0,True,0.991347,13,2,2,9,-2,2
realistic,0,after_pass_5,5,11,12,11,14,1,1,True,0.960012,13,2,2,12,1,1
realistic,0,last_pass_before_crossing,10,11,12,11,13,1,1,True,1,13,2,2,12,1,1
realistic,1,after_pass_2,2,11,12,10,14,1,1,True,0.968452,13,2,2,8,-3,3
realistic,1,after_pass_5,5,11,12,11,15,1,1,True,0.977641,13,2,2,11,0,0
realistic,1,last_pass_before_crossing,10,11,12,11,13,1,1,True,0.991555,13,2,2,13,2,2
realistic,2,after_pass_2,2,7,7,6,8,0,0,True,0.980108,13,6,6,5,-2,2
realistic,2,after_pass_5,5,7,7,7,8,0,0,True,0.989388,13,6,6,7,0,0
realistic,2,last_pass_before_crossing,6,7,7,7,8,0,0,True,0.982827,13,6,6,7,0,0
realistic,3,after_pass_2,2,7,5,5,6,-2,2,False,0.998351,13,6,6,5,-2,2
realistic,3,after_pass_5,5,7,6,6,6,-1,1,False,0.957409,13,6,6,6,-1,1
realistic,3,last_pass_before_crossing,6,7,7,7,7,0,0,True,0.992406,13,6,6,7,0,0
realistic,4,after_pass_2,2,6,7,6,7,1,1,True,1,13,7,7,6,0,0
realistic,4,after_pass_5,5,6,6,6,7,0,0,True,1,13,7,7,7,1,1
realistic,4,last_pass_before_crossing,5,6,6,6,7,0,0,True,1,13,7,7,7,1,1
realistic,5,after_pass_2,2,8,6,6,7,-2,2,False,0.953194,13,5,5,5,-3,3
realistic,5,after_pass_5,5,8,8,7,9,0,0,True,0.983701,13,5,5,7,-1,1
realistic,5,last_pass_before_crossing,7,8,8,8,9,0,0,True,0.984348,13,5,5,9,1,1
realistic,6,after_pass_2,2,15,11,9,13,-4,4,False,0.990968,13,-2,2,14,-1,1
realistic,6,after_pass_5,5,15,13,11,15,-2,2,True,0.988058,13,-2,2,13,-2,2
realistic,6,last_pass_before_crossing,14,15,15,15,17,0,0,True,0.979862,13,-2,2,17,2,2
realistic,7,after_pass_2,2,13,11,9,12,-2,2,False,0.980292,13,0,0,11,-2,2
realistic,7,after_pass_5,5,13,11,11,13,-2,2,True,0.973667,13,0,0,11,-2,2
realistic,7,last_pass_before_crossing,12,13,13,13,14,0,0,True,0.991375,13,0,0,15,2,2
realistic,8,after_pass_2,2,11,9,8,12,-2,2,True,0.957868,13,2,2,7,-4,4
realistic,8,after_pass_5,5,11,9,8,11,-2,2,True,0.988052,13,2,2,9,-2,2
realistic,8,last_pass_before_crossing,10,11,12,11,14,1,1,True,0.971265,13,2,2,13,2,2
realistic,9,after_pass_2,2,9,7,7,9,-2,2,True,0.999497,13,4,4,7,-2,2
realistic,9,after_pass_5,5,9,9,8,9,0,0,True,0.994233,13,4,4,9,0,0
realistic,9,last_pass_before_crossing,8,9,10,9,11,1,1,True,0.99651,13,4,4,11,2,2
realistic,10,after_pass_2,2,12,12,9,15,0,0,True,0.969201,13,1,1,7,-5,5
realistic,10,after_pass_5,5,12,12,10,14,0,0,True,0.938658,13,1,1,9,-3,3
realistic,10,last_pass_before_crossing,11,12,13,12,14,1,1,True,0.960241,13,1,1,14,2,2
realistic,11,after_pass_2,2,9,11,9,12,2,2,True,0.968655,13,4,4,11,2,2
realistic,11,after_pass_5,5,9,10,9,11,1,1,True,0.964438,13,4,4,9,0,0
realistic,11,last_pass_before_crossing,8,9,11,10,11,2,2,False,0.97592,13,4,4,10,1,1
realistic,12,after_pass_2,2,8,7,7,8,-1,1,True,0.986887,13,5,5,5,-3,3
realistic,12,after_pass_5,5,8,7,7,8,-1,1,True,0.972545,13,5,5,8,0,0
realistic,12,last_pass_before_crossing,7,8,9,8,9,1,1,True,0.965228,13,5,5,9,1,1
realistic,13,after_pass_2,2,9,6,5,7,-3,3,False,0.985007,13,4,4,8,-1,1
realistic,13,after_pass_5,5,9,7,7,8,-2,2,False,0.952695,13,4,4,8,-1,1
realistic,13,last_pass_before_crossing,8,9,9,9,9,0,0,True,0.952431,13,4,4,11,2,2
realistic,14,after_pass_2,2,7,8,7,9,1,1,True,0.998614,13,6,6,7,0,0
realistic,14,after_pass_5,5,7,8,7,9,1,1,True,0.979106,13,6,6,7,0,0
realistic,14,last_pass_before_crossing,6,7,8,7,9,1,1,True,0.968855,13,6,6,8,1,1
realistic,15,after_pass_2,2,7,8,7,9,1,1,True,0.997233,13,6,6,9,2,2
realistic,15,after_pass_5,5,7,8,7,9,1,1,True,1,13,6,6,9,2,2
realistic,15,last_pass_before_crossing,6,7,9,8,9,2,2,False,0.943223,13,6,6,8,1,1
realistic,16,after_pass_2,2,14,18,15,22,4,4,False,0.920302,13,-1,1,12,-2,2
realistic,16,after_pass_5,5,14,11,9,11,-3,3,False,0.97359,13,-1,1,13,-1,1
realistic,16,last_pass_before_crossing,13,14,15,14,17,1,1,True,0.994412,13,-1,1,16,2,2
realistic,17,after_pass_2,2,16,23,17,34,7,7,False,0.934236,13,-3,3,11,-5,5
realistic,17,after_pass_5,5,16,17,13,23,1,1,True,0.903183,13,-3,3,11,-5,5
realistic,17,last_pass_before_crossing,15,16,17,16,20,1,1,True,0.951372,13,-3,3,18,2,2
realistic,18,after_pass_2,2,8,8,7,9,0,0,True,0.974703,13,5,5,7,-1,1
realistic,18,after_pass_5,5,8,9,8,9,1,1,True,0.988055,13,5,5,9,1,1
realistic,18,last_pass_before_crossing,7,8,9,8,9,1,1,True,1,13,5,5,9,1,1
realistic,19,after_pass_2,2,10,6,6,7,-4,4,False,0.967316,13,3,3,7,-3,3
realistic,19,after_pass_5,5,10,8,7,9,-2,2,False,0.983554,13,3,3,9,-1,1
realistic,19,last_pass_before_crossing,9,10,9,9,9,-1,1,False,0.996346,13,3,3,11,1,1
realistic,20,after_pass_2,2,8,6,5,7,-2,2,False,1,13,5,5,7,-1,1
realistic,20,after_pass_5,5,8,7,7,8,-1,1,True,0.947663,13,5,5,7,-1,1
realistic,20,last_pass_before_crossing,7,8,7,7,8,-1,1,True,0.979826,13,5,5,9,1,1
realistic,21,after_pass_2,2,11,9,9,11,-2,2,True,0.952012,13,2,2,11,0,0
realistic,21,after_pass_5,5,11,10,9,11,-1,1,True,0.995216,13,2,2,10,-1,1
realistic,21,last_pass_before_crossing,10,11,11,11,13,0,0,True,1,13,2,2,13,2,2
realistic,22,after_pass_2,2,9,7,6,7,-2,2,False,0.999513,13,4,4,5,-4,4
realistic,22,after_pass_5,5,9,8,7,9,-1,1,True,0.998993,13,4,4,7,-2,2
realistic,22,last_pass_before_crossing,8,9,8,8,8,-1,1,False,1,13,4,4,9,0,0
realistic,23,after_pass_2,2,5,6,5,6,1,1,True,0.963036,13,8,8,5,0,0
realistic,23,last_pass_before_crossing,4,5,6,6,6,1,1,False,0.944875,13,8,8,6,1,1
realistic,24,after_pass_2,2,6,5,5,6,-1,1,True,0.999462,13,7,7,5,-1,1
realistic,24,after_pass_5,5,6,6,5,6,0,0,True,0.977516,13,7,7,6,0,0
realistic,24,last_pass_before_crossing,5,6,6,5,6,0,0,True,0.977516,13,7,7,6,0,0
realistic,25,after_pass_2,2,13,19,15,25,6,6,False,0.965481,13,0,0,13,0,0
realistic,25,after_pass_5,5,13,13,11,17,0,0,True,0.916617,13,0,0,10,-3,3
realistic,25,last_pass_before_crossing,12,13,13,13,15,0,0,True,0.96343,13,0,0,14,1,1
realistic,26,after_pass_2,2,11,7,7,8,-4,4,False,0.943373,13,2,2,9,-2,2
realistic,26,after_pass_5,5,11,9,8,12,-2,2,True,0.974321,13,2,2,9,-2,2
realistic,26,last_pass_before_crossing,10,11,11,11,13,0,0,True,0.962327,13,2,2,11,0,0
realistic,27,after_pass_2,2,9,8,7,9,-1,1,True,0.997004,13,4,4,7,-2,2
realistic,27,after_pass_5,5,9,9,8,10,0,0,True,0.968773,13,4,4,8,-1,1
realistic,27,last_pass_before_crossing,8,9,10,9,11,1,1,True,0.988364,13,4,4,10,1,1
realistic,28,after_pass_2,2,9,7,6,8,-2,2,False,0.978659,13,4,4,6,-3,3
realistic,28,after_pass_5,5,9,9,8,11,0,0,True,0.950134,13,4,4,9,0,0
realistic,28,last_pass_before_crossing,8,9,9,9,11,0,0,True,0.995059,13,4,4,9,0,0
realistic,29,after_pass_2,2,7,7,7,7,0,0,True,0.944367,13,6,6,6,-1,1
realistic,29,after_pass_5,5,7,7,7,7,0,0,True,0.990908,13,6,6,7,0,0
realistic,29,last_pass_before_crossing,6,7,7,7,8,0,0,True,0.998052,13,6,6,8,1,1
realistic,30,after_pass_2,2,12,7,5,8,-5,5,False,0.968014,13,1,1,12,0,0
realistic,30,after_pass_5,5,12,9,7,12,-3,3,True,0.958281,13,1,1,10,-2,2
realistic,30,last_pass_before_crossing,11,12,12,11,14,0,0,True,0.982247,13,1,1,14,2,2
realistic,31,after_pass_2,2,6,5,5,5,-1,1,False,0.976877,13,7,7,5,-1,1
realistic,31,after_pass_5,5,6,6,6,6,0,0,True,0.972593,13,7,7,6,0,0
realistic,31,last_pass_before_crossing,5,6,6,6,6,0,0,True,0.972593,13,7,7,6,0,0
realistic,32,after_pass_2,2,17,15,13,19,-2,2,True,0.964667,13,-4,4,12,-5,5
realistic,32,after_pass_5,5,17,13,11,15,-4,4,False,0.984232,13,-4,4,13,-4,4
realistic,32,last_pass_before_crossing,16,17,17,15,19,0,0,True,0.977859,13,-4,4,19,2,2
realistic,33,after_pass_2,2,11,8,7,9,-3,3,False,1,13,2,2,7,-4,4
realistic,33,after_pass_5,5,11,8,7,9,-3,3,False,1,13,2,2,9,-2,2
realistic,33,last_pass_before_crossing,10,11,11,11,11,0,0,True,0.998815,13,2,2,12,1,1
realistic,34,after_pass_2,2,6,5,5,6,-1,1,True,0.998278,13,7,7,5,-1,1
realistic,34,after_pass_5,5,6,6,5,6,0,0,True,0.999881,13,7,7,6,0,0
realistic,34,last_pass_before_crossing,5,6,6,5,6,0,0,True,0.999881,13,7,7,6,0,0
realistic,35,after_pass_2,2,11,7,6,8,-4,4,False,0.978698,13,2,2,8,-3,3
realistic,35,after_pass_5,5,11,9,8,11,-2,2,True,0.980288,13,2,2,10,-1,1
realistic,35,last_pass_before_crossing,10,11,11,11,12,0,0,True,0.97406,13,2,2,11,0,0
realistic,36,after_pass_2,2,10,13,10,17,3,3,True,0.94067,13,3,3,9,-1,1
realistic,36,after_pass_5,5,10,9,8,11,-1,1,True,0.995021,13,3,3,9,-1,1
realistic,36,last_pass_before_crossing,9,10,11,10,12,1,1,True,0.958479,13,3,3,11,1,1
realistic,37,after_pass_2,2,6,6,5,6,0,0,True,0.967618,13,7,7,6,0,0
realistic,37,after_pass_5,5,6,6,6,7,0,0,True,1,13,7,7,7,1,1
realistic,37,last_pass_before_crossing,5,6,6,6,7,0,0,True,1,13,7,7,7,1,1
realistic,38,after_pass_2,2,5,5,5,5,0,0,True,0.995994,13,8,8,5,0,0
realistic,38,last_pass_before_crossing,4,5,5,5,5,0,0,True,1,13,8,8,5,0,0
realistic,39,after_pass_2,2,8,7,7,8,-1,1,True,0.962819,13,5,5,7,-1,1
realistic,39,after_pass_5,5,8,9,9,10,1,1,False,0.940545,13,5,5,9,1,1
realistic,39,last_pass_before_crossing,7,8,9,8,9,1,1,True,0.998795,13,5,5,9,1,1
realistic,40,after_pass_2,2,9,7,7,7,-2,2,False,0.940659,13,4,4,6,-3,3
realistic,40,after_pass_5,5,9,7,7,8,-2,2,False,0.985865,13,4,4,8,-1,1
realistic,40,last_pass_before_crossing,8,9,9,9,9,0,0,True,0.978287,13,4,4,10,1,1
realistic,41,after_pass_2,2,10,8,7,9,-2,2,False,0.998715,13,3,3,9,-1,1
realistic,41,after_pass_5,5,10,9,9,10,-1,1,True,0.971766,13,3,3,9,-1,1
realistic,41,last_pass_before_crossing,9,10,10,9,11,0,0,True,1,13,3,3,10,0,0
realistic,42,after_pass_2,2,9,8,7,9,-1,1,True,1,13,4,4,6,-3,3
realistic,42,after_pass_5,5,9,7,7,8,-2,2,False,0.973902,13,4,4,8,-1,1
realistic,42,last_pass_before_crossing,8,9,9,9,9,0,0,True,0.972838,13,4,4,10,1,1
realistic,43,after_pass_2,2,13,10,9,12,-3,3,False,0.967676,13,0,0,9,-4,4
realistic,43,after_pass_5,5,13,11,10,13,-2,2,True,0.973724,13,0,0,11,-2,2
realistic,43,last_pass_before_crossing,12,13,13,13,14,0,0,True,0.986259,13,0,0,15,2,2
realistic,44,after_pass_2,2,10,11,10,13,1,1,True,0.926188,13,3,3,9,-1,1
realistic,44,after_pass_5,5,10,9,9,10,-1,1,True,0.947269,13,3,3,10,0,0
realistic,44,last_pass_before_crossing,9,10,11,10,12,1,1,True,0.987718,13,3,3,11,1,1
realistic,45,after_pass_2,2,7,6,5,7,-1,1,True,1,13,6,6,5,-2,2
realistic,45,after_pass_5,5,7,6,6,7,-1,1,True,1,13,6,6,7,0,0
realistic,45,last_pass_before_crossing,6,7,7,7,7,0,0,True,1,13,6,6,7,0,0
realistic,46,after_pass_2,2,6,6,6,7,0,0,True,0.996632,13,7,7,6,0,0
realistic,46,after_pass_5,5,6,6,6,7,0,0,True,1,13,7,7,6,0,0
realistic,46,last_pass_before_crossing,5,6,6,6,7,0,0,True,1,13,7,7,6,0,0
realistic,47,after_pass_2,2,11,11,10,13,0,0,True,0.922047,13,2,2,9,-2,2
realistic,47,after_pass_5,5,11,9,9,11,-2,2,True,0.993131,13,2,2,10,-1,1
realistic,47,last_pass_before_crossing,10,11,12,11,13,1,1,True,0.992426,13,2,2,12,1,1
realistic,48,after_pass_2,2,6,5,5,5,-1,1,False,0.971406,13,7,7,5,-1,1
realistic,48,after_pass_5,5,6,6,6,7,0,0,True,1,13,7,7,7,1,1
realistic,48,last_pass_before_crossing,5,6,6,6,7,0,0,True,1,13,7,7,7,1,1
realistic,49,after_pass_2,2,11,15,11,20,4,4,True,0.958535,13,2,2,11,0,0
realistic,49,after_pass_5,5,11,13,9,21,2,2,True,0.948788,13,2,2,9,-2,2
realistic,49,last_pass_before_crossing,10,11,12,11,17,1,1,True,0.934885,13,2,2,12,1,1
realistic,50,after_pass_2,2,13,9,9,11,-4,4,False,0.949677,13,0,0,9,-4,4
realistic,50,after_pass_5,5,13,12,11,15,-1,1,True,0.956476,13,0,0,12,-1,1
realistic,50,last_pass_before_crossing,12,13,13,13,15,0,0,True,0.978885,13,0,0,15,2,2
realistic,51,after_pass_2,2,12,7,6,7,-5,5,False,0.995986,13,1,1,9,-3,3
realistic,51,after_pass_5,5,12,9,7,11,-3,3,False,0.995425,13,1,1,11,-1,1
realistic,51,last_pass_before_crossing,11,12,12,12,14,0,0,True,0.955012,13,1,1,13,1,1
realistic,52,after_pass_2,2,13,9,8,11,-4,4,False,0.994037,13,0,0,8,-5,5
realistic,52,after_pass_5,5,13,11,10,13,-2,2,True,0.98714,13,0,0,10,-3,3
realistic,52,last_pass_before_crossing,12,13,13,13,14,0,0,True,0.986239,13,0,0,15,2,2
realistic,53,after_pass_2,2,11,9,8,11,-2,2,True,0.995276,13,2,2,8,-3,3
realistic,53,after_pass_5,5,11,9,8,9,-2,2,False,0.995826,13,2,2,9,-2,2
realistic,53,last_pass_before_crossing,10,11,11,10,11,0,0,True,1,13,2,2,11,0,0
realistic,54,after_pass_2,2,9,11,9,12,2,2,True,0.975862,13,4,4,9,0,0
realistic,54,after_pass_5,5,9,13,11,16,4,4,False,0.948077,13,4,4,9,0,0
realistic,54,last_pass_before_crossing,8,9,10,9,11,1,1,True,0.99277,13,4,4,10,1,1
realistic,55,after_pass_2,2,8,9,8,9,1,1,True,0.935371,13,5,5,8,0,0
realistic,55,after_pass_5,5,8,7,7,8,-1,1,True,0.986326,13,5,5,7,-1,1
realistic,55,last_pass_before_crossing,7,8,8,8,9,0,0,True,1,13,5,5,9,1,1
realistic,56,after_pass_2,2,7,6,6,7,-1,1,True,0.995414,13,6,6,5,-2,2
realistic,56,after_pass_5,5,7,8,7,8,1,1,True,0.951308,13,6,6,7,0,0
realistic,56,last_pass_before_crossing,6,7,7,7,8,0,0,True,1,13,6,6,8,1,1
realistic,57,after_pass_2,2,15,13,10,17,-2,2,True,0.922347,13,-2,2,18,3,3
realistic,57,after_pass_5,5,15,15,11,21,0,0,True,0.948406,13,-2,2,13,-2,2
realistic,57,last_pass_before_crossing,14,15,17,15,18,2,2,True,0.952302,13,-2,2,18,3,3
realistic,58,after_pass_2,2,9,8,7,9,-1,1,True,0.995629,13,4,4,7,-2,2
realistic,58,after_pass_5,5,9,9,8,9,0,0,True,0.976033,13,4,4,9,0,0
realistic,58,last_pass_before_crossing,8,9,9,9,9,0,0,True,0.996732,13,4,4,9,0,0
realistic,59,after_pass_2,2,11,9,7,9,-2,2,False,0.958146,13,2,2,11,0,0
realistic,59,after_pass_5,5,11,10,9,11,-1,1,True,0.983563,13,2,2,10,-1,1
realistic,59,last_pass_before_crossing,10,11,11,10,11,0,0,True,1,13,2,2,11,0,0
realistic,60,after_pass_2,2,9,9,8,11,0,0,True,0.99202,13,4,4,11,2,2
realistic,60,after_pass_5,5,9,9,9,11,0,0,True,0.989171,13,4,4,9,0,0
realistic,60,last_pass_before_crossing,8,9,10,9,11,1,1,True,1,13,4,4,9,0,0
realistic,61,after_pass_2,2,8,7,6,7,-1,1,False,0.967193,13,5,5,6,-2,2
realistic,61,after_pass_5,5,8,8,7,9,0,0,True,0.987892,13,5,5,7,-1,1
realistic,61,last_pass_before_crossing,7,8,9,8,9,1,1,True,0.981538,13,5,5,9,1,1
realistic,62,after_pass_2,2,5,5,5,6,0,0,True,0.968923,13,8,8,4,-1,1
realistic,62,last_pass_before_crossing,4,5,5,5,6,0,0,True,0.997386,13,8,8,5,0,0
realistic,63,after_pass_2,2,8,9,9,11,1,1,False,0.968868,13,5,5,8,0,0
realistic,63,after_pass_5,5,8,8,7,8,0,0,True,0.954104,13,5,5,8,0,0
realistic,63,last_pass_before_crossing,7,8,8,8,9,0,0,True,1,13,5,5,9,1,1
realistic,64,after_pass_2,2,7,6,6,7,-1,1,True,0.9684,13,6,6,6,-1,1
realistic,64,after_pass_5,5,7,6,6,7,-1,1,True,1,13,6,6,7,0,0
realistic,64,last_pass_before_crossing,6,7,7,7,7,0,0,True,0.99929,13,6,6,7,0,0
realistic,65,after_pass_2,2,12,10,9,11,-2,2,False,0.979062,13,1,1,11,-1,1
realistic,65,after_pass_5,5,12,11,10,12,-1,1,True,0.94668,13,1,1,11,-1,1
realistic,65,last_pass_before_crossing,11,12,13,12,14,1,1,True,0.952059,13,1,1,13,1,1
realistic,66,after_pass_2,2,7,9,8,11,2,2,False,0.993008,13,6,6,7,0,0
realistic,66,after_pass_5,5,7,8,7,9,1,1,True,1,13,6,6,7,0,0
realistic,66,last_pass_before_crossing,6,7,8,7,9,1,1,True,1,13,6,6,8,1,1
realistic,67,after_pass_2,2,7,7,6,7,0,0,True,0.983133,13,6,6,5,-2,2
realistic,67,after_pass_5,5,7,7,7,9,0,0,True,0.993534,13,6,6,7,0,0
realistic,67,last_pass_before_crossing,6,7,8,7,9,1,1,True,0.974826,13,6,6,8,1,1
realistic,68,after_pass_2,2,9,6,5,7,-3,3,False,1,13,4,4,7,-2,2
realistic,68,after_pass_5,5,9,8,7,9,-1,1,True,0.985646,13,4,4,8,-1,1
realistic,68,last_pass_before_crossing,8,9,9,9,9,0,0,True,0.981732,13,4,4,9,0,0
realistic,69,after_pass_2,2,9,7,6,9,-2,2,True,0.99971,13,4,4,9,0,0
realistic,69,after_pass_5,5,9,9,8,10,0,0,True,0.939724,13,4,4,9,0,0
realistic,69,last_pass_before_crossing,8,9,9,9,11,0,0,True,0.997799,13,4,4,11,2,2
realistic,70,after_pass_2,2,5,5,5,5,0,0,True,1,13,8,8,4,-1,1
realistic,70,last_pass_before_crossing,4,5,5,5,6,0,0,True,0.996779,13,8,8,6,1,1
realistic,71,after_pass_2,2,10,7,7,7,-3,3,False,0.936898,13,3,3,7,-3,3
realistic,71,after_pass_5,5,10,9,8,9,-1,1,False,0.97821,13,3,3,8,-2,2
realistic,71,last_pass_before_crossing,9,10,9,9,10,-1,1,True,0.994124,13,3,3,11,1,1
realistic,72,after_pass_2,2,14,7,6,8,-7,7,False,0.951424,13,-1,1,8,-6,6
realistic,72,after_pass_5,5,14,10,9,13,-4,4,False,0.949703,13,-1,1,12,-2,2
realistic,72,last_pass_before_crossing,13,14,13,11,13,-1,1,False,0.998035,13,-1,1,16,2,2
realistic,73,after_pass_2,2,17,11,10,13,-6,6,False,0.953964,13,-4,4,12,-5,5
realistic,73,after_pass_5,5,17,17,15,20,0,0,True,0.928206,13,-4,4,15,-2,2
realistic,73,last_pass_before_crossing,16,17,17,17,17,0,0,True,0.973909,13,-4,4,17,0,0
realistic,74,after_pass_2,2,5,5,5,5,0,0,True,1,13,8,8,5,0,0
realistic,74,last_pass_before_crossing,4,5,5,5,6,0,0,True,0.990907,13,8,8,6,1,1
realistic,75,after_pass_2,2,13,10,9,12,-3,3,False,0.97594,13,0,0,11,-2,2
realistic,75,after_pass_5,5,13,11,10,13,-2,2,True,0.964987,13,0,0,11,-2,2
realistic,75,last_pass_before_crossing,12,13,13,12,13,0,0,True,0.961244,13,0,0,14,1,1
realistic,76,after_pass_2,2,7,6,5,7,-1,1,True,0.99906,13,6,6,7,0,0
realistic,76,after_pass_5,5,7,7,7,9,0,0,True,0.994563,13,6,6,7,0,0
realistic,76,last_pass_before_crossing,6,7,7,7,9,0,0,True,0.991731,13,6,6,8,1,1
realistic,77,after_pass_2,2,13,11,9,13,-2,2,True,0.990888,13,0,0,7,-6,6
realistic,77,after_pass_5,5,13,13,11,15,0,0,True,0.979968,13,0,0,11,-2,2
realistic,77,last_pass_before_crossing,12,13,13,13,14,0,0,True,0.959747,13,0,0,14,1,1
realistic,78,after_pass_2,2,6,6,5,6,0,0,True,0.967993,13,7,7,5,-1,1
realistic,78,after_pass_5,5,6,6,6,6,0,0,True,0.965207,13,7,7,7,1,1
realistic,78,last_pass_before_crossing,5,6,6,6,6,0,0,True,0.965207,13,7,7,7,1,1
realistic,79,after_pass_2,2,10,7,6,8,-3,3,False,0.992204,13,3,3,7,-3,3
realistic,79,after_pass_5,5,10,8,7,9,-2,2,False,0.97685,13,3,3,10,0,0
realistic,79,last_pass_before_crossing,9,10,10,10,12,0,0,True,0.978739,13,3,3,11,1,1
realistic,80,after_pass_2,2,17,11,9,12,-6,6,False,0.947531,13,-4,4,12,-5,5
realistic,80,after_pass_5,5,17,11,10,12,-6,6,False,0.917832,13,-4,4,13,-4,4
realistic,80,last_pass_before_crossing,16,17,17,16,17,0,0,True,0.928774,13,-4,4,19,2,2
realistic,81,after_pass_2,2,11,13,11,17,2,2,True,0.966162,13,2,2,9,-2,2
realistic,81,after_pass_5,5,11,11,9,12,0,0,True,0.980921,13,2,2,11,0,0
realistic,81,last_pass_before_crossing,10,11,12,11,13,1,1,True,0.985236,13,2,2,12,1,1
realistic,82,after_pass_2,2,10,10,9,11,0,0,True,0.959216,13,3,3,10,0,0
realistic,82,after_pass_5,5,10,9,8,9,-1,1,False,0.989976,13,3,3,9,-1,1
realistic,82,last_pass_before_crossing,9,10,10,10,11,0,0,True,0.958867,13,3,3,11,1,1
realistic,83,after_pass_2,2,5,5,5,5,0,0,True,1,13,8,8,5,0,0
realistic,83,last_pass_before_crossing,4,5,5,5,5,0,0,True,0.999372,13,8,8,5,0,0
realistic,84,after_pass_2,2,10,9,7,13,-1,1,True,0.972971,13,3,3,7,-3,3
realistic,84,after_pass_5,5,10,9,8,11,-1,1,True,0.96329,13,3,3,8,-2,2
realistic,84,last_pass_before_crossing,9,10,11,11,13,1,1,False,0.958835,13,3,3,11,1,1
realistic,85,after_pass_2,2,18,13,11,17,-5,5,False,0.953367,13,-5,5,13,-5,5
realistic,85,after_pass_5,5,18,14,12,16,-4,4,False,0.941211,13,-5,5,15,-3,3
realistic,85,last_pass_before_crossing,17,18,17,16,18,-1,1,True,0.916094,13,-5,5,19,1,1
realistic,86,after_pass_2,2,20,12,11,14,-8,8,False,0.928488,13,-7,7,11,-9,9
realistic,86,after_pass_5,5,20,17,15,21,-3,3,True,0.940189,13,-7,7,14,-6,6
realistic,86,last_pass_before_crossing,19,20,20,19,21,0,0,True,0.978037,13,-7,7,23,3,3
realistic,87,after_pass_2,2,5,4,4,5,-1,1,True,0.977973,13,8,8,4,-1,1
realistic,87,last_pass_before_crossing,4,5,5,5,5,0,0,True,1,13,8,8,5,0,0
realistic,88,after_pass_2,2,12,8,7,9,-4,4,False,0.999378,13,1,1,9,-3,3
realistic,88,after_pass_5,5,12,9,9,11,-3,3,False,0.999414,13,1,1,10,-2,2
realistic,88,last_pass_before_crossing,11,12,11,10,11,-1,1,False,1,13,1,1,13,1,1
realistic,89,after_pass_2,2,9,7,7,9,-2,2,True,0.998715,13,4,4,7,-2,2
realistic,89,after_pass_5,5,9,9,8,9,0,0,True,0.958914,13,4,4,8,-1,1
realistic,89,last_pass_before_crossing,8,9,9,9,9,0,0,True,0.994439,13,4,4,10,1,1
realistic,90,after_pass_2,2,10,9,8,9,-1,1,False,0.951099,13,3,3,7,-3,3
realistic,90,after_pass_5,5,10,10,9,11,0,0,True,0.99367,13,3,3,9,-1,1
realistic,90,last_pass_before_crossing,9,10,10,9,10,0,0,True,0.977094,13,3,3,11,1,1
realistic,91,after_pass_2,2,7,7,6,7,0,0,True,0.996904,13,6,6,5,-2,2
realistic,91,after_pass_5,5,7,7,7,7,0,0,True,0.969037,13,6,6,7,0,0
realistic,91,last_pass_before_crossing,6,7,7,7,7,0,0,True,0.998559,13,6,6,7,0,0
realistic,92,after_pass_2,2,7,6,6,7,-1,1,True,0.997595,13,6,6,7,0,0
realistic,92,after_pass_5,5,7,7,7,8,0,0,True,0.955053,13,6,6,9,2,2
realistic,92,last_pass_before_crossing,6,7,7,7,8,0,0,True,0.953475,13,6,6,8,1,1
realistic,93,after_pass_2,2,11,9,8,11,-2,2,True,0.99194,13,2,2,7,-4,4
realistic,93,after_pass_5,5,11,11,10,13,0,0,True,0.96799,13,2,2,10,-1,1
realistic,93,last_pass_before_crossing,10,11,12,11,14,1,1,True,0.954255,13,2,2,13,2,2
realistic,94,after_pass_2,2,7,6,6,7,-1,1,True,0.995169,13,6,6,6,-1,1
realistic,94,after_pass_5,5,7,7,7,7,0,0,True,0.981835,13,6,6,7,0,0
realistic,94,last_pass_before_crossing,6,7,7,7,8,0,0,True,0.997028,13,6,6,7,0,0
realistic,95,after_pass_2,2,12,8,7,9,-4,4,False,0.999494,13,1,1,7,-5,5
realistic,95,after_pass_5,5,12,9,8,10,-3,3,False,0.975688,13,1,1,10,-2,2
realistic,95,last_pass_before_crossing,11,12,12,11,13,0,0,True,0.999493,13,1,1,13,1,1
realistic,96,after_pass_2,2,7,8,7,9,1,1,True,0.917156,13,6,6,5,-2,2
realistic,96,after_pass_5,5,7,7,6,8,0,0,True,0.989046,13,6,6,7,0,0
realistic,96,last_pass_before_crossing,6,7,7,7,8,0,0,True,0.989919,13,6,6,7,0,0
realistic,97,after_pass_2,2,9,7,6,8,-2,2,False,0.986491,13,4,4,9,0,0
realistic,97,after_pass_5,5,9,8,7,9,-1,1,True,0.997671,13,4,4,8,-1,1
realistic,97,last_pass_before_crossing,8,9,8,8,9,-1,1,True,1,13,4,4,9,0,0
realistic,98,after_pass_2,2,16,10,8,12,-6,6,False,0.974398,13,-3,3,27,11,11
realistic,98,after_pass_5,5,16,15,11,21,-1,1,True,0.930216,13,-3,3,13,-3,3
realistic,98,last_pass_before_crossing,15,16,15,15,18,-1,1,True,0.969509,13,-3,3,16,0,0
realistic,99,after_pass_2,2,9,6,5,7,-3,3,False,1,13,4,4,7,-2,2
realistic,99,after_pass_5,5,9,8,7,9,-1,1,True,0.996132,13,4,4,8,-1,1
realistic,99,last_pass_before_crossing,8,9,9,9,9,0,0,True,0.994966,13,4,4,10,1,1
