pad,k_pad,contact_fraction,offset_mm,pressure_kPa
stiff,5,0.0508916,-62,0
stiff,5,0.0508916,-61,0
stiff,5,0.0508916,-60,0
stiff,5,0.0508916,-59,0
stiff,5,0.0508916,-58,0
stiff,5,0.0508916,-57,0
stiff,5,0.0508916,-56,0
stiff,5,0.0508916,-55,0
stiff,5,0.0508916,-54,0
stiff,5,0.0508916,-53,0
stiff,5,0.0508916,-52,0
stiff,5,0.0508916,-51,0
stiff,5,0.0508916,-50,0
stiff,5,0.0508916,-49,0
stiff,5,0.0508916,-48,0
stiff,5,0.0508916,-47,0
stiff,5,0.0508916,-46,0
stiff,5,0.0508916,-45,0
stiff,5,0.0508916,-44,0
stiff,5,0.0508916,-43,0
stiff,5,0.0508916,-42,0
stiff,5,0.0508916,-41,0
stiff,5,0.0508916,-40,0
stiff,5,0.0508916,-39,0
stiff,5,0.0508916,-38,0
stiff,5,0.0508916,-37,0
stiff,5,0.0508916,-36,0
stiff,5,0.0508916,-35,0
stiff,5,0.0508916,-34,0
stiff,5,0.0508916,-33,0
stiff,5,0.0508916,-32,0
stiff,5,0.0508916,-31,0
stiff,5,0.0508916,-30,0
stiff,5,0.0508916,-29,0
stiff,5,0.0508916,-28,0
stiff,5,0.0508916,-27,0
stiff,5,0.0508916,-26,0
stiff,5,0.0508916,-25,0
stiff,5,0.0508916,-24,0
stiff,5,0.0508916,-23,0
stiff,5,0.0508916,-22,0
stiff,5,0.0508916,-21,0
stiff,5,0.0508916,-20,0
stiff,5,0.0508916,-19,0
stiff,5,0.0508916,-18,0
stiff,5,0.0508916,-17,0
stiff,5,0.0508916,-16,0
stiff,5,0.0508916,-15,0
stiff,5,0.0508916,-14,0
stiff,5,0.0508916,-13,0
stiff,5,0.0508916,-12,0
stiff,5,0.0508916,-11,0
stiff,5,0.0508916,-10,0
stiff,5,0.0508916,-9,0
stiff,5,0.0508916,-8,0
stiff,5,0.0508916,-7,0
stiff,5,0.0508916,-6,0
stiff,5,0.0508916,-5,0
stiff,5,0.0508916,-4,0
stiff,5,0.0508916,-3,0
stiff,5,0.0508916,-2,31.3331
stiff,5,0.0508916,-1,56.3335
stiff,5,0.0508916,0,64.6668
stiff,5,0.0508916,1,56.3335
stiff,5,0.0508916,2,31.3331
stiff,5,0.0508916,3,0
stiff,5,0.0508916,4,0
stiff,5,0.0508916,5,0
stiff,5,0.0508916,6,0
stiff,5,0.0508916,7,0
stiff,5,0.0508916,8,0
stiff,5,0.0508916,9,0
stiff,5,0.0508916,10,0
stiff,5,0.0508916,11,0
stiff,5,0.0508916,12,0
stiff,5,0.0508916,13,0
stiff,5,0.0508916,14,0
stiff,5,0.0508916,15,0
stiff,5,0.0508916,16,0
stiff,5,0.0508916,17,0
stiff,5,0.0508916,18,0
stiff,5,0.0508916,19,0
stiff,5,0.0508916,20,0
stiff,5,0.0508916,21,0
stiff,5,0.0508916,22,0
stiff,5,0.0508916,23,0
stiff,5,0.0508916,24,0
stiff,5,0.0508916,25,0
stiff,5,0.0508916,26,0
stiff,5,0.0508916,27,0
stiff,5,0.0508916,28,0
stiff,5,0.0508916,29,0
stiff,5,0.0508916,30,0
stiff,5,0.0508916,31,0
stiff,5,0.0508916,32,0
stiff,5,0.0508916,33,0
stiff,5,0.0508916,34,0
stiff,5,0.0508916,35,0
stiff,5,0.0508916,36,0
stiff,5,0.0508916,37,0
stiff,5,0.0508916,38,0
stiff,5,0.0508916,39,0
stiff,5,0.0508916,40,0
stiff,5,0.0508916,41,0
stiff,5,0.0508916,42,0
stiff,5,0.0508916,43,0
stiff,5,0.0508916,44,0
stiff,5,0.0508916,45,0
stiff,5,0.0508916,46,0
stiff,5,0.0508916,47,0
stiff,5,0.0508916,48,0
stiff,5,0.0508916,49,0
stiff,5,0.0508916,50,0
stiff,5,0.0508916,51,0
stiff,5,0.0508916,52,0
stiff,5,0.0508916,53,0
stiff,5,0.0508916,54,0
stiff,5,0.0508916,55,0
stiff,5,0.0508916,56,0
stiff,5,0.0508916,57,0
stiff,5,0.0508916,58,0
stiff,5,0.0508916,59,0
stiff,5,0.0508916,60,0
stiff,5,0.0508916,61,0
stiff,5,0.0508916,62,0
mid,0.0561249,0.25283,-62,0
mid,0.0561249,0.25283,-61,0
mid,0.0561249,0.25283,-60,0
mid,0.0561249,0.25283,-59,0
mid,0.0561249,0.25283,-58,0
mid,0.0561249,0.25283,-57,0
mid,0.0561249,0.25283,-56,0
mid,0.0561249,0.25283,-55,0
mid,0.0561249,0.25283,-54,0
mid,0.0561249,0.25283,-53,0
mid,0.0561249,0.25283,-52,0
mid,0.0561249,0.25283,-51,0
mid,0.0561249,0.25283,-50,0
mid,0.0561249,0.25283,-49,0
mid,0.0561249,0.25283,-48,0
mid,0.0561249,0.25283,-47,0
mid,0.0561249,0.25283,-46,0
mid,0.0561249,0.25283,-45,0
mid,0.0561249,0.25283,-44,0
mid,0.0561249,0.25283,-43,0
mid,0.0561249,0.25283,-42,0
mid,0.0561249,0.25283,-41,0
mid,0.0561249,0.25283,-40,0
mid,0.0561249,0.25283,-39,0
mid,0.0561249,0.25283,-38,0
mid,0.0561249,0.25283,-37,0
mid,0.0561249,0.25283,-36,0
mid,0.0561249,0.25283,-35,0
mid,0.0561249,0.25283,-34,0
mid,0.0561249,0.25283,-33,0
mid,0.0561249,0.25283,-32,0
mid,0.0561249,0.25283,-31,0
mid,0.0561249,0.25283,-30,0
mid,0.0561249,0.25283,-29,0
mid,0.0561249,0.25283,-28,0
mid,0.0561249,0.25283,-27,0
mid,0.0561249,0.25283,-26,0
mid,0.0561249,0.25283,-25,0
mid,0.0561249,0.25283,-24,0
mid,0.0561249,0.25283,-23,0
mid,0.0561249,0.25283,-22,0
mid,0.0561249,0.25283,-21,0
mid,0.0561249,0.25283,-20,0
mid,0.0561249,0.25283,-19,0
mid,0.0561249,0.25283,-18,0
mid,0.0561249,0.25283,-17,0
mid,0.0561249,0.25283,-16,0
mid,0.0561249,0.25283,-15,0
mid,0.0561249,0.25283,-14,0
mid,0.0561249,0.25283,-13,0
mid,0.0561249,0.25283,-12,1.02176
mid,0.0561249,0.25283,-11,3.1748
mid,0.0561249,0.25283,-10,5.14037
mid,0.0561249,0.25283,-9,6.91855
mid,0.0561249,0.25283,-8,8.5094
mid,0.0561249,0.25283,-7,9.91296
mid,0.0561249,0.25283,-6,11.1293
mid,0.0561249,0.25283,-5,12.1584
mid,0.0561249,0.25283,-4,13.0004
mid,0.0561249,0.25283,-3,13.6552
mid,0.0561249,0.25283,-2,14.1229
mid,0.0561249,0.25283,-1,14.4036
mid,0.0561249,0.25283,0,14.4971
mid,0.0561249,0.25283,1,14.4036
mid,0.0561249,0.25283,2,14.1229
mid,0.0561249,0.25283,3,13.6552
mid,0.0561249,0.25283,4,13.0004
mid,0.0561249,0.25283,5,12.1584
mid,0.0561249,0.25283,6,11.1293
mid,0.0561249,0.25283,7,9.91296
mid,0.0561249,0.25283,8,8.5094
mid,0.0561249,0.25283,9,6.91855
mid,0.0561249,0.25283,10,5.14037
mid,0.0561249,0.25283,11,3.1748
mid,0.0561249,0.25283,12,1.02176
mid,0.0561249,0.25283,13,0
mid,0.0561249,0.25283,14,0
mid,0.0561249,0.25283,15,0
mid,0.0561249,0.25283,16,0
mid,0.0561249,0.25283,17,0
mid,0.0561249,0.25283,18,0
mid,0.0561249,0.25283,19,0
mid,0.0561249,0.25283,20,0
mid,0.0561249,0.25283,21,0
mid,0.0561249,0.25283,22,0
mid,0.0561249,0.25283,23,0
mid,0.0561249,0.25283,24,0
mid,0.0561249,0.25283,25,0
mid,0.0561249,0.25283,26,0
mid,0.0561249,0.25283,27,0
mid,0.0561249,0.25283,28,0
mid,0.0561249,0.25283,29,0
mid,0.0561249,0.25283,30,0
mid,0.0561249,0.25283,31,0
mid,0.0561249,0.25283,32,0
mid,0.0561249,0.25283,33,0
mid,0.0561249,0.25283,34,0
mid,0.0561249,0.25283,35,0
mid,0.0561249,0.25283,36,0
mid,0.0561249,0.25283,37,0
mid,0.0561249,0.25283,38,0
mid,0.0561249,0.25283,39,0
mid,0.0561249,0.25283,40,0
mid,0.0561249,0.25283,41,0
mid,0.0561249,0.25283,42,0
mid,0.0561249,0.25283,43,0
mid,0.0561249,0.25283,44,0
mid,0.0561249,0.25283,45,0
mid,0.0561249,0.25283,46,0
mid,0.0561249,0.25283,47,0
mid,0.0561249,0.25283,48,0
mid,0.0561249,0.25283,49,0
mid,0.0561249,0.25283,50,0
mid,0.0561249,0.25283,51,0
mid,0.0561249,0.25283,52,0
mid,0.0561249,0.25283,53,0
mid,0.0561249,0.25283,54,0
mid,0.0561249,0.25283,55,0
mid,0.0561249,0.25283,56,0
mid,0.0561249,0.25283,57,0
mid,0.0561249,0.25283,58,0
mid,0.0561249,0.25283,59,0
mid,0.0561249,0.25283,60,0
mid,0.0561249,0.25283,61,0
mid,0.0561249,0.25283,62,0
soft,0.00063,0.973129,-62,0
soft,0.00063,0.973129,-61,0
soft,0.00063,0.973129,-60,0
soft,0.00063,0.973129,-59,0
soft,0.00063,0.973129,-58,0
soft,0.00063,0.973129,-57,0.0239032
soft,0.00063,0.973129,-56,0.144715
soft,0.00063,0.973129,-55,0.263313
soft,0.00063,0.973129,-54,0.379699
soft,0.00063,0.973129,-53,0.49388
soft,0.00063,0.973129,-52,0.605858
soft,0.00063,0.973129,-51,0.715638
soft,0.00063,0.973129,-50,0.823223
soft,0.00063,0.973129,-49,0.928618
soft,0.00063,0.973129,-48,1.03183
soft,0.00063,0.973129,-47,1.13285
soft,0.00063,0.973129,-46,1.2317
soft,0.00063,0.973129,-45,1.32836
soft,0.00063,0.973129,-44,1.42286
soft,0.00063,0.973129,-43,1.51518
soft,0.00063,0.973129,-42,1.60534
soft,0.00063,0.973129,-41,1.69334
soft,0.00063,0.973129,-40,1.77918
soft,0.00063,0.973129,-39,1.86285
soft,0.00063,0.973129,-38,1.94438
soft,0.00063,0.973129,-37,2.02375
soft,0.00063,0.973129,-36,2.10098
soft,0.00063,0.973129,-35,2.17605
soft,0.00063,0.973129,-34,2.24899
soft,0.00063,0.973129,-33,2.31978
soft,0.00063,0.973129,-32,2.38843
soft,0.00063,0.973129,-31,2.45495
soft,0.00063,0.973129,-30,2.51934
soft,0.00063,0.973129,-29,2.58159
soft,0.00063,0.973129,-28,2.64171
soft,0.00063,0.973129,-27,2.6997
soft,0.00063,0.973129,-26,2.75557
soft,0.00063,0.973129,-25,2.80932
soft,0.00063,0.973129,-24,2.86094
soft,0.00063,0.973129,-23,2.91044
soft,0.00063,0.973129,-22,2.95783
soft,0.00063,0.973129,-21,3.00309
soft,0.00063,0.973129,-20,3.04624
soft,0.00063,0.973129,-19,3.08728
soft,0.00063,0.973129,-18,3.1262
soft,0.00063,0.973129,-17,3.16302
soft,0.00063,0.973129,-16,3.19772
soft,0.00063,0.973129,-15,3.23031
soft,0.00063,0.973129,-14,3.2608
soft,0.00063,0.973129,-13,3.28918
soft,0.00063,0.973129,-12,3.31545
soft,0.00063,0.973129,-11,3.33962
soft,0.00063,0.973129,-10,3.36168
soft,0.00063,0.973129,-9,3.38164
soft,0.00063,0.973129,-8,3.3995
soft,0.00063,0.973129,-7,3.41525
soft,0.00063,0.973129,-6,3.42891
soft,0.00063,0.973129,-5,3.44046
soft,0.00063,0.973129,-4,3.44991
soft,0.00063,0.973129,-3,3.45726
soft,0.00063,0.973129,-2,3.46251
soft,0.00063,0.973129,-1,3.46566
soft,0.00063,0.973129,0,3.46671
soft,0.00063,0.973129,1,3.46566
soft,0.00063,0.973129,2,3.46251
soft,0.00063,0.973129,3,3.45726
soft,0.00063,0.973129,4,3.44991
soft,0.00063,0.973129,5,3.44046
soft,0.00063,0.973129,6,3.42891
soft,0.00063,0.973129,7,3.41525
soft,0.00063,0.973129,8,3.3995
soft,0.00063,0.973129,9,3.38164
soft,0.00063,0.973129,10,3.36168
soft,0.00063,0.973129,11,3.33962
soft,0.00063,0.973129,12,3.31545
soft,0.00063,0.973129,13,3.28918
soft,0.00063,0.973129,14,3.2608
soft,0.00063,0.973129,15,3.23031
soft,0.00063,0.973129,16,3.19772
soft,0.00063,0.973129,17,3.16302
soft,0.00063,0.973129,18,3.1262
soft,0.00063,0.973129,19,3.08728
soft,0.00063,0.973129,20,3.04624
soft,0.00063,0.973129,21,3.00309
soft,0.00063,0.973129,22,2.95783
soft,0.00063,0.973129,23,2.91044
soft,0.00063,0.973129,24,2.86094
soft,0.00063,0.973129,25,2.80932
soft,0.00063,0.973129,26,2.75557
soft,0.00063,0.973129,27,2.6997
soft,0.00063,0.973129,28,2.64171
soft,0.00063,0.973129,29,2.58159
soft,0.00063,0.973129,30,2.51934
soft,0.00063,0.973129,31,2.45495
soft,0.00063,0.973129,32,2.38843
soft,0.00063,0.973129,33,2.31978
soft,0.00063,0.973129,34,2.24899
soft,0.00063,0.973129,35,2.17605
soft,0.00063,0.973129,36,2.10098
soft,0.00063,0.973129,37,2.02375
soft,0.00063,0.973129,38,1.94438
soft,0.00063,0.973129,39,1.86285
soft,0.00063,0.973129,40,1.77918
soft,0.00063,0.973129,41,1.69334
soft,0.00063,0.973129,42,1.60534
soft,0.00063,0.973129,43,1.51518
soft,0.00063,0.973129,44,1.42286
soft,0.00063,0.973129,45,1.32836
soft,0.00063,0.973129,46,1.2317
soft,0.00063,0.973129,47,1.13285
soft,0.00063,0.973129,48,1.03183
soft,0.00063,0.973129,49,0.928618
soft,0.00063,0.973129,50,0.823223
soft,0.00063,0.973129,51,0.715638
soft,0.00063,0.973129,52,0.605858
soft,0.00063,0.973129,53,0.49388
soft,0.00063,0.973129,54,0.379699
soft,0.00063,0.973129,55,0.263313
soft,0.00063,0.973129,56,0.144715
soft,0.00063,0.973129,57,0.0239032
soft,0.00063,0.973129,58,0
soft,0.00063,0.973129,59,0
soft,0.00063,0.973129,60,0
soft,0.00063,0.973129,61,0
soft,0.00063,0.973129,62,0
