force_N,k_pad,contact_fraction,grid_mm,pad_law
20,0.0001,1,1,linear
20,0.000111082,1,1,linear
20,0.000123392,1,1,linear
20,0.000137065,1,1,linear
20,0.000152255,1,1,linear
20,0.000169127,1,1,linear
20,0.000187869,1,1,linear
20,0.000208689,1,1,linear
20,0.000231815,1,1,linear
20,0.000257504,1,1,linear
20,0.00028604,1,1,linear
20,0.000317738,1,1,linear
20,0.000352949,0.99316,1,linear
20,0.000392062,0.980783,1,linear
20,0.000435509,0.964824,1,linear
20,0.000483771,0.946258,1,linear
20,0.000537382,0.925088,1,linear
20,0.000596933,0.901962,1,linear
20,0.000663083,0.877209,1,linear
20,0.000736565,0.850501,1,linear
20,0.000818189,0.836658,1,linear
20,0.000908858,0.807996,1,linear
20,0.00100958,0.793176,1,linear
20,0.00112145,0.76256,1,linear
20,0.00124573,0.746763,1,linear
20,0.00138378,0.714844,1,linear
20,0.00153713,0.698396,1,linear
20,0.00170747,0.681622,1,linear
20,0.00189668,0.647749,1,linear
20,0.00210687,0.630323,1,linear
20,0.00234035,0.612898,1,linear
20,0.0025997,0.595147,1,linear
20,0.00288779,0.577396,1,linear
20,0.00320781,0.559319,1,linear
20,0.00356329,0.541243,1,linear
20,0.00395816,0.52284,1,linear
20,0.0043968,0.504438,1,linear
20,0.00488404,0.48571,1,linear
20,0.00542527,0.466982,1,linear
20,0.00602649,0.447928,1,linear
20,0.00669433,0.447928,1,linear
20,0.00743618,0.428874,1,linear
20,0.00826024,0.40982,1,linear
20,0.00917561,0.390441,1,linear
20,0.0101924,0.390441,1,linear
20,0.0113219,0.371061,1,linear
20,0.0125766,0.351681,1,linear
20,0.0139703,0.351681,1,linear
20,0.0155185,0.331976,1,linear
20,0.0172382,0.331976,1,linear
20,0.0191485,0.312271,1,linear
20,0.0212704,0.312271,1,linear
20,0.0236276,0.292566,1,linear
20,0.0262459,0.292566,1,linear
20,0.0291544,0.272861,1,linear
20,0.0323852,0.272861,1,linear
20,0.0359741,0.25283,1,linear
20,0.0399607,0.25283,1,linear
20,0.044389,0.232799,1,linear
20,0.0493081,0.232799,1,linear
20,0.0547723,0.212768,1,linear
20,0.060842,0.212768,1,linear
20,0.0675843,0.212768,1,linear
20,0.0750738,0.192737,1,linear
20,0.0833933,0.192737,1,linear
20,0.0926348,0.192737,1,linear
20,0.1029,0.172706,1,linear
20,0.114303,0.172706,1,linear
20,0.12697,0.172706,1,linear
20,0.141041,0.172706,1,linear
20,0.156671,0.152675,1,linear
20,0.174032,0.152675,1,linear
20,0.193318,0.152675,1,linear
20,0.214741,0.132318,1,linear
20,0.238538,0.132318,1,linear
20,0.264972,0.132318,1,linear
20,0.294336,0.132318,1,linear
20,0.326954,0.132318,1,linear
20,0.363186,0.111962,1,linear
20,0.403433,0.111962,1,linear
20,0.44814,0.111962,1,linear
20,0.497802,0.111962,1,linear
20,0.552967,0.111962,1,linear
20,0.614246,0.0916049,1,linear
20,0.682315,0.0916049,1,linear
20,0.757927,0.0916049,1,linear
20,0.841919,0.0916049,1,linear
20,0.935218,0.0916049,1,linear
20,1.03886,0.0916049,1,linear
20,1.15398,0.0712483,1,linear
20,1.28186,0.0712483,1,linear
20,1.42391,0.0712483,1,linear
20,1.58171,0.0712483,1,linear
20,1.75699,0.0712483,1,linear
20,1.95169,0.0712483,1,linear
20,2.16798,0.0712483,1,linear
20,2.40822,0.0712483,1,linear
20,2.6751,0.0712483,1,linear
20,2.97155,0.0508916,1,linear
20,3.30084,0.0508916,1,linear
20,3.66664,0.0508916,1,linear
20,4.07296,0.0508916,1,linear
20,4.52432,0.0508916,1,linear
20,5.02569,0.0508916,1,linear
20,5.58262,0.0508916,1,linear
20,6.20128,0.0508916,1,linear
20,6.88849,0.0508916,1,linear
20,7.65185,0.0508916,1,linear
20,8.49981,0.0508916,1,linear
20,9.44173,0.0508916,1,linear
20,10.488,0.030535,1,linear
20,11.6503,0.030535,1,linear
20,12.9414,0.030535,1,linear
20,14.3755,0.030535,1,linear
20,15.9685,0.030535,1,linear
20,17.7381,0.030535,1,linear
20,19.7038,0.030535,1,linear
20,21.8874,0.030535,1,linear
20,24.3129,0.030535,1,linear
20,27.0071,0.030535,1,linear
20,30,0.030535,1,linear
30,0.0001,1,1,linear
30,0.000111082,1,1,linear
30,0.000123392,1,1,linear
30,0.000137065,1,1,linear
30,0.000152255,1,1,linear
30,0.000169127,1,1,linear
30,0.000187869,1,1,linear
30,0.000208689,1,1,linear
30,0.000231815,1,1,linear
30,0.000257504,1,1,linear
30,0.00028604,1,1,linear
30,0.000317738,1,1,linear
30,0.000352949,1,1,linear
30,0.000392062,1,1,linear
30,0.000435509,1,1,linear
30,0.000483771,1,1,linear
30,0.000537382,0.99316,1,linear
30,0.000596933,0.980783,1,linear
30,0.000663083,0.964824,1,linear
30,0.000736565,0.946258,1,linear
30,0.000818189,0.925088,1,linear
30,0.000908858,0.901962,1,linear
30,0.00100958,0.877209,1,linear
30,0.00112145,0.850501,1,linear
30,0.00124573,0.836658,1,linear
30,0.00138378,0.807996,1,linear
30,0.00153713,0.778031,1,linear
30,0.00170747,0.76256,1,linear
30,0.00189668,0.730967,1,linear
30,0.00210687,0.714844,1,linear
30,0.00234035,0.698396,1,linear
30,0.0025997,0.664848,1,linear
30,0.00288779,0.647749,1,linear
30,0.00320781,0.630323,1,linear
30,0.00356329,0.612898,1,linear
30,0.00395816,0.595147,1,linear
30,0.0043968,0.577396,1,linear
30,0.00488404,0.559319,1,linear
30,0.00542527,0.541243,1,linear
30,0.00602649,0.52284,1,linear
30,0.00669433,0.504438,1,linear
30,0.00743618,0.48571,1,linear
30,0.00826024,0.466982,1,linear
30,0.00917561,0.447928,1,linear
30,0.0101924,0.447928,1,linear
30,0.0113219,0.428874,1,linear
30,0.0125766,0.40982,1,linear
30,0.0139703,0.390441,1,linear
30,0.0155185,0.390441,1,linear
30,0.0172382,0.371061,1,linear
30,0.0191485,0.351681,1,linear
30,0.0212704,0.351681,1,linear
30,0.0236276,0.331976,1,linear
30,0.0262459,0.331976,1,linear
30,0.0291544,0.312271,1,linear
30,0.0323852,0.292566,1,linear
30,0.0359741,0.292566,1,linear
30,0.0399607,0.272861,1,linear
30,0.044389,0.272861,1,linear
30,0.0493081,0.272861,1,linear
30,0.0547723,0.25283,1,linear
30,0.060842,0.25283,1,linear
30,0.0675843,0.232799,1,linear
30,0.0750738,0.232799,1,linear
30,0.0833933,0.212768,1,linear
30,0.0926348,0.212768,1,linear
30,0.1029,0.212768,1,linear
30,0.114303,0.192737,1,linear
30,0.12697,0.192737,1,linear
30,0.141041,0.192737,1,linear
30,0.156671,0.172706,1,linear
30,0.174032,0.172706,1,linear
30,0.193318,0.172706,1,linear
30,0.214741,0.152675,1,linear
30,0.238538,0.152675,1,linear
30,0.264972,0.152675,1,linear
30,0.294336,0.152675,1,linear
30,0.326954,0.132318,1,linear
30,0.363186,0.132318,1,linear
30,0.403433,0.132318,1,linear
30,0.44814,0.132318,1,linear
30,0.497802,0.132318,1,linear
30,0.552967,0.111962,1,linear
30,0.614246,0.111962,1,linear
30,0.682315,0.111962,1,linear
30,0.757927,0.111962,1,linear
30,0.841919,0.111962,1,linear
30,0.935218,0.0916049,1,linear
30,1.03886,0.0916049,1,linear
30,1.15398,0.0916049,1,linear
30,1.28186,0.0916049,1,linear
30,1.42391,0.0916049,1,linear
30,1.58171,0.0916049,1,linear
30,1.75699,0.0712483,1,linear
30,1.95169,0.0712483,1,linear
30,2.16798,0.0712483,1,linear
30,2.40822,0.0712483,1,linear
30,2.6751,0.0712483,1,linear
30,2.97155,0.0712483,1,linear
30,3.30084,0.0712483,1,linear
30,3.66664,0.0712483,1,linear
30,4.07296,0.0712483,1,linear
30,4.52432,0.0508916,1,linear
30,5.02569,0.0508916,1,linear
30,5.58262,0.0508916,1,linear
30,6.20128,0.0508916,1,linear
30,6.88849,0.0508916,1,linear
30,7.65185,0.0508916,1,linear
30,8.49981,0.0508916,1,linear
30,9.44173,0.0508916,1,linear
30,10.488,0.0508916,1,linear
30,11.6503,0.0508916,1,linear
30,12.9414,0.0508916,1,linear
30,14.3755,0.0508916,1,linear
30,15.9685,0.030535,1,linear
30,17.7381,0.030535,1,linear
30,19.7038,0.030535,1,linear
30,21.8874,0.030535,1,linear
30,24.3129,0.030535,1,linear
30,27.0071,0.030535,1,linear
30,30,0.030535,1,linear
40,0.0001,1,1,linear
40,0.000111082,1,1,linear
40,0.000123392,1,1,linear
40,0.000137065,1,1,linear
40,0.000152255,1,1,linear
40,0.000169127,1,1,linear
40,0.000187869,1,1,linear
40,0.000208689,1,1,linear
40,0.000231815,1,1,linear
40,0.000257504,1,1,linear
40,0.00028604,1,1,linear
40,0.000317738,1,1,linear
40,0.000352949,1,1,linear
40,0.000392062,1,1,linear
40,0.000435509,1,1,linear
40,0.000483771,1,1,linear
40,0.000537382,1,1,linear
40,0.000596933,1,1,linear
40,0.000663083,1,1,linear
40,0.000736565,0.98746,1,linear
40,0.000818189,0.973129,1,linear
40,0.000908858,0.955867,1,linear
40,0.00100958,0.935999,1,linear
40,0.00112145,0.913851,1,linear
40,0.00124573,0.889748,1,linear
40,0.00138378,0.864018,1,linear
40,0.00153713,0.850501,1,linear
40,0.00170747,0.82249,1,linear
40,0.00189668,0.793176,1,linear
40,0.00210687,0.778031,1,linear
40,0.00234035,0.746763,1,linear
40,0.0025997,0.730967,1,linear
40,0.00288779,0.714844,1,linear
40,0.00320781,0.681622,1,linear
40,0.00356329,0.664848,1,linear
40,0.00395816,0.647749,1,linear
40,0.0043968,0.630323,1,linear
40,0.00488404,0.612898,1,linear
40,0.00542527,0.595147,1,linear
40,0.00602649,0.559319,1,linear
40,0.00669433,0.541243,1,linear
40,0.00743618,0.541243,1,linear
40,0.00826024,0.52284,1,linear
40,0.00917561,0.504438,1,linear
40,0.0101924,0.48571,1,linear
40,0.0113219,0.466982,1,linear
40,0.0125766,0.447928,1,linear
40,0.0139703,0.428874,1,linear
40,0.0155185,0.428874,1,linear
40,0.0172382,0.40982,1,linear
40,0.0191485,0.390441,1,linear
40,0.0212704,0.371061,1,linear
40,0.0236276,0.371061,1,linear
40,0.0262459,0.351681,1,linear
40,0.0291544,0.351681,1,linear
40,0.0323852,0.331976,1,linear
40,0.0359741,0.312271,1,linear
40,0.0399607,0.312271,1,linear
40,0.044389,0.292566,1,linear
40,0.0493081,0.292566,1,linear
40,0.0547723,0.272861,1,linear
40,0.060842,0.272861,1,linear
40,0.0675843,0.25283,1,linear
40,0.0750738,0.25283,1,linear
40,0.0833933,0.25283,1,linear
40,0.0926348,0.232799,1,linear
40,0.1029,0.232799,1,linear
40,0.114303,0.212768,1,linear
40,0.12697,0.212768,1,linear
40,0.141041,0.212768,1,linear
40,0.156671,0.192737,1,linear
40,0.174032,0.192737,1,linear
40,0.193318,0.192737,1,linear
40,0.214741,0.172706,1,linear
40,0.238538,0.172706,1,linear
40,0.264972,0.172706,1,linear
40,0.294336,0.152675,1,linear
40,0.326954,0.152675,1,linear
40,0.363186,0.152675,1,linear
40,0.403433,0.152675,1,linear
40,0.44814,0.132318,1,linear
40,0.497802,0.132318,1,linear
40,0.552967,0.132318,1,linear
40,0.614246,0.132318,1,linear
40,0.682315,0.111962,1,linear
40,0.757927,0.111962,1,linear
40,0.841919,0.111962,1,linear
40,0.935218,0.111962,1,linear
40,1.03886,0.111962,1,linear
40,1.15398,0.111962,1,linear
40,1.28186,0.0916049,1,linear
40,1.42391,0.0916049,1,linear
40,1.58171,0.0916049,1,linear
40,1.75699,0.0916049,1,linear
40,1.95169,0.0916049,1,linear
40,2.16798,0.0916049,1,linear
40,2.40822,0.0712483,1,linear
40,2.6751,0.0712483,1,linear
40,2.97155,0.0712483,1,linear
40,3.30084,0.0712483,1,linear
40,3.66664,0.0712483,1,linear
40,4.07296,0.0712483,1,linear
40,4.52432,0.0712483,1,linear
40,5.02569,0.0712483,1,linear
40,5.58262,0.0508916,1,linear
40,6.20128,0.0508916,1,linear
40,6.88849,0.0508916,1,linear
40,7.65185,0.0508916,1,linear
40,8.49981,0.0508916,1,linear
40,9.44173,0.0508916,1,linear
40,10.488,0.0508916,1,linear
40,11.6503,0.0508916,1,linear
40,12.9414,0.0508916,1,linear
40,14.3755,0.0508916,1,linear
40,15.9685,0.0508916,1,linear
40,17.7381,0.0508916,1,linear
40,19.7038,0.030535,1,linear
40,21.8874,0.030535,1,linear
40,24.3129,0.030535,1,linear
40,27.0071,0.030535,1,linear
40,30,0.030535,1,linear
30,0.0001,1,0.25,linear
30,0.000111082,1,0.25,linear
30,0.000123392,1,0.25,linear
30,0.000137065,1,0.25,linear
30,0.000152255,1,0.25,linear
30,0.000169127,1,0.25,linear
30,0.000187869,1,0.25,linear
30,0.000208689,1,0.25,linear
30,0.000231815,1,0.25,linear
30,0.000257504,1,0.25,linear
30,0.00028604,1,0.25,linear
30,0.000317738,1,0.25,linear
30,0.000352949,1,0.25,linear
30,0.000392062,1,0.25,linear
30,0.000435509,1,0.25,linear
30,0.000483771,1,0.25,linear
30,0.000537382,0.993888,0.25,linear
30,0.000596933,0.979921,0.25,linear
30,0.000663083,0.961594,0.25,linear
30,0.000736565,0.9424,0.25,linear
30,0.000818189,0.920946,0.25,linear
30,0.000908858,0.897515,0.25,linear
30,0.00100958,0.875561,0.25,linear
30,0.00112145,0.852405,0.25,linear
30,0.00124573,0.831623,0.25,linear
30,0.00138378,0.80645,0.25,linear
30,0.00153713,0.784078,0.25,linear
30,0.00170747,0.761075,0.25,linear
30,0.00189668,0.73744,0.25,linear
30,0.00210687,0.7173,0.25,linear
30,0.00234035,0.692626,0.25,linear
30,0.0025997,0.67165,0.25,linear
30,0.00288779,0.650348,0.25,linear
30,0.00320781,0.63307,0.25,linear
30,0.00356329,0.611198,0.25,linear
30,0.00395816,0.593472,0.25,linear
30,0.0043968,0.575583,0.25,linear
30,0.00488404,0.552977,0.25,linear
30,0.00542527,0.539275,0.25,linear
30,0.00602649,0.520897,0.25,linear
30,0.00669433,0.502356,0.25,linear
30,0.00743618,0.488348,0.25,linear
30,0.00826024,0.469563,0.25,linear
30,0.00917561,0.455372,0.25,linear
30,0.0101924,0.441119,0.25,linear
30,0.0113219,0.426786,0.25,linear
30,0.0125766,0.412391,0.25,linear
30,0.0139703,0.397935,0.25,linear
30,0.0155185,0.383418,0.25,linear
30,0.0172382,0.36884,0.25,linear
30,0.0191485,0.35908,0.25,linear
30,0.0212704,0.3444,0.25,linear
30,0.0236276,0.3346,0.25,linear
30,0.0262459,0.324759,0.25,linear
30,0.0291544,0.314918,0.25,linear
30,0.0323852,0.300095,0.25,linear
30,0.0359741,0.290193,0.25,linear
30,0.0399607,0.280271,0.25,linear
30,0.044389,0.270328,0.25,linear
30,0.0493081,0.265346,0.25,linear
30,0.0547723,0.255383,0.25,linear
30,0.060842,0.245399,0.25,linear
30,0.0675843,0.235395,0.25,linear
30,0.0750738,0.230393,0.25,linear
30,0.0833933,0.220369,0.25,linear
30,0.0926348,0.215346,0.25,linear
30,0.1029,0.205302,0.25,linear
30,0.114303,0.200279,0.25,linear
30,0.12697,0.190214,0.25,linear
30,0.141041,0.185171,0.25,linear
30,0.156671,0.180128,0.25,linear
30,0.174032,0.175086,0.25,linear
30,0.193318,0.165,0.25,linear
30,0.214741,0.159957,0.25,linear
30,0.238538,0.154894,0.25,linear
30,0.264972,0.149831,0.25,linear
30,0.294336,0.144768,0.25,linear
30,0.326954,0.139705,0.25,linear
30,0.363186,0.134642,0.25,linear
30,0.403433,0.129579,0.25,linear
30,0.44814,0.124515,0.25,linear
30,0.497802,0.124515,0.25,linear
30,0.552967,0.119452,0.25,linear
30,0.614246,0.114389,0.25,linear
30,0.682315,0.109306,0.25,linear
30,0.757927,0.104222,0.25,linear
30,0.841919,0.104222,0.25,linear
30,0.935218,0.0991387,0.25,linear
30,1.03886,0.0940551,0.25,linear
30,1.15398,0.0940551,0.25,linear
30,1.28186,0.0889716,0.25,linear
30,1.42391,0.0838881,0.25,linear
30,1.58171,0.0838881,0.25,linear
30,1.75699,0.0788046,0.25,linear
30,1.95169,0.0788046,0.25,linear
30,2.16798,0.0737211,0.25,linear
30,2.40822,0.0737211,0.25,linear
30,2.6751,0.0686376,0.25,linear
30,2.97155,0.0686376,0.25,linear
30,3.30084,0.0635541,0.25,linear
30,3.66664,0.0635541,0.25,linear
30,4.07296,0.0584706,0.25,linear
30,4.52432,0.0584706,0.25,linear
30,5.02569,0.0584706,0.25,linear
30,5.58262,0.0533871,0.25,linear
30,6.20128,0.0533871,0.25,linear
30,6.88849,0.0533871,0.25,linear
30,7.65185,0.0483035,0.25,linear
30,8.49981,0.0483035,0.25,linear
30,9.44173,0.0483035,0.25,linear
30,10.488,0.04322,0.25,linear
30,11.6503,0.04322,0.25,linear
30,12.9414,0.04322,0.25,linear
30,14.3755,0.0381365,0.25,linear
30,15.9685,0.0381365,0.25,linear
30,17.7381,0.0381365,0.25,linear
30,19.7038,0.0381365,0.25,linear
30,21.8874,0.033053,0.25,linear
30,24.3129,0.033053,0.25,linear
30,27.0071,0.033053,0.25,linear
30,30,0.033053,0.25,linear
30,0.0001,1,1,foam
30,0.000111082,1,1,foam
30,0.000123392,1,1,foam
30,0.000137065,1,1,foam
30,0.000152255,1,1,foam
30,0.000169127,1,1,foam
30,0.000187869,1,1,foam
30,0.000208689,1,1,foam
30,0.000231815,1,1,foam
30,0.000257504,1,1,foam
30,0.00028604,1,1,foam
30,0.000317738,1,1,foam
30,0.000352949,0.99316,1,foam
30,0.000392062,0.980783,1,foam
30,0.000435509,0.973129,1,foam
30,0.000483771,0.955867,1,foam
30,0.000537382,0.946258,1,foam
30,0.000596933,0.925088,1,foam
30,0.000663083,0.901962,1,foam
30,0.000736565,0.889748,1,foam
30,0.000818189,0.864018,1,foam
30,0.000908858,0.850501,1,foam
30,0.00100958,0.836658,1,foam
30,0.00112145,0.807996,1,foam
30,0.00124573,0.793176,1,foam
30,0.00138378,0.76256,1,foam
30,0.00153713,0.746763,1,foam
30,0.00170747,0.730967,1,foam
30,0.00189668,0.714844,1,foam
30,0.00210687,0.681622,1,foam
30,0.00234035,0.664848,1,foam
30,0.0025997,0.647749,1,foam
30,0.00288779,0.630323,1,foam
30,0.00320781,0.612898,1,foam
30,0.00356329,0.595147,1,foam
30,0.00395816,0.577396,1,foam
30,0.0043968,0.559319,1,foam
30,0.00488404,0.541243,1,foam
30,0.00542527,0.52284,1,foam
30,0.00602649,0.504438,1,foam
30,0.00669433,0.48571,1,foam
30,0.00743618,0.48571,1,foam
30,0.00826024,0.466982,1,foam
30,0.00917561,0.447928,1,foam
30,0.0101924,0.428874,1,foam
30,0.0113219,0.40982,1,foam
30,0.0125766,0.40982,1,foam
30,0.0139703,0.390441,1,foam
30,0.0155185,0.371061,1,foam
30,0.0172382,0.371061,1,foam
30,0.0191485,0.351681,1,foam
30,0.0212704,0.351681,1,foam
30,0.0236276,0.331976,1,foam
30,0.0262459,0.312271,1,foam
30,0.0291544,0.312271,1,foam
30,0.0323852,0.292566,1,foam
30,0.0359741,0.292566,1,foam
30,0.0399607,0.272861,1,foam
30,0.044389,0.272861,1,foam
30,0.0493081,0.25283,1,foam
30,0.0547723,0.25283,1,foam
30,0.060842,0.25283,1,foam
30,0.0675843,0.232799,1,foam
30,0.0750738,0.232799,1,foam
30,0.0833933,0.212768,1,foam
30,0.0926348,0.212768,1,foam
30,0.1029,0.212768,1,foam
30,0.114303,0.192737,1,foam
30,0.12697,0.192737,1,foam
30,0.141041,0.192737,1,foam
30,0.156671,0.172706,1,foam
30,0.174032,0.172706,1,foam
30,0.193318,0.172706,1,foam
30,0.214741,0.152675,1,foam
30,0.238538,0.152675,1,foam
30,0.264972,0.152675,1,foam
30,0.294336,0.152675,1,foam
30,0.326954,0.132318,1,foam
30,0.363186,0.132318,1,foam
30,0.403433,0.132318,1,foam
30,0.44814,0.132318,1,foam
30,0.497802,0.132318,1,foam
30,0.552967,0.111962,1,foam
30,0.614246,0.111962,1,foam
30,0.682315,0.111962,1,foam
30,0.757927,0.111962,1,foam
30,0.841919,0.111962,1,foam
30,0.935218,0.0916049,1,foam
30,1.03886,0.0916049,1,foam
30,1.15398,0.0916049,1,foam
30,1.28186,0.0916049,1,foam
30,1.42391,0.0916049,1,foam
30,1.58171,0.0916049,1,foam
30,1.75699,0.0712483,1,foam
30,1.95169,0.0712483,1,foam
30,2.16798,0.0712483,1,foam
30,2.40822,0.0712483,1,foam
30,2.6751,0.0712483,1,foam
30,2.97155,0.0712483,1,foam
30,3.30084,0.0712483,1,foam
30,3.66664,0.0712483,1,foam
30,4.07296,0.0712483,1,foam
30,4.52432,0.0508916,1,foam
30,5.02569,0.0508916,1,foam
30,5.58262,0.0508916,1,foam
30,6.20128,0.0508916,1,foam
30,6.88849,0.0508916,1,foam
30,7.65185,0.0508916,1,foam
30,8.49981,0.0508916,1,foam
30,9.44173,0.0508916,1,foam
30,10.488,0.0508916,1,foam
30,11.6503,0.0508916,1,foam
30,12.9414,0.0508916,1,foam
30,14.3755,0.0508916,1,foam
30,15.9685,0.030535,1,foam
30,17.7381,0.030535,1,foam
30,19.7038,0.030535,1,foam
30,21.8874,0.030535,1,foam
30,24.3129,0.030535,1,foam
30,27.0071,0.030535,1,foam
30,30,0.030535,1,foam
