experiment,world,schedule,noise_um,draw,pass,force_N,rpm,true_k_pad,true_K0,true_lam,true_K,true_force_gain,true_mean_removal_um,rmse_A_um,rmse_B_um,rmse_C_um,rmse_D_um,rmse_oracle_um,C_pred_mean_lo_um,C_pred_mean_median_um,C_pred_mean_hi_um,C_pred_mean_inside,C_k_pad_mean,C_k_pad_median,C_k_pad_lo,C_k_pad_hi,C_K0_mean,C_K0_median,C_K0_lo,C_K0_hi,C_lam_mean,C_lam_median,C_lam_lo,C_lam_hi,C_K_mean,C_K_median,C_K_lo,C_K_hi,C_corr_logk_logK,C_stages,C_sigma_um,C_profile_sd_um,C_wear_noise,C_outliers,C_redone,B_k_pad,B_K,D_k_pad,D_K,D_lam,cross_C_median,cross_C_lo,cross_C_hi,cross_C_band_mass,cross_D,cross_A,cross_true
main,matched,alternating,2,15,1,20,8000,0.203389,4.93178e-05,0.000391678,4.93178e-05,1,6.4308,3.40336,3.52376,2.15426,3.52368,0,5.32498,7.81615,11.7889,True,0.204955,0.204817,0.202217,0.207831,4.9171e-05,4.9153e-05,4.8706e-05,4.96919e-05,0.000321859,0.000322005,0.000240154,0.000410875,4.9171e-05,4.9153e-05,4.8706e-05,4.96919e-05,-0.269264,16,2,0,0.01,0,False,0.204866,4.76572e-05,0.204866,4.76572e-05,0.00025,12,9,17,0.968079,15,13,11
main,matched,alternating,2,15,2,40,8000,0.203389,4.93178e-05,0.000391678,4.61548e-05,1,11.6034,3.99955,1.3843,0.181349,0.649769,0.103787,11.4327,11.7477,12.0862,True,0.203749,0.203743,0.202346,0.205226,4.94835e-05,4.94849e-05,4.91485e-05,4.97967e-05,0.000385825,0.00038516,0.000361275,0.000411603,4.59886e-05,4.59881e-05,4.57562e-05,4.62277e-05,-0.0726992,7,2,0,0.01,0,False,0.204866,4.76572e-05,0.203374,4.2973e-05,0.000381366,10,9,12,0.988687,10,13,11
main,matched,alternating,2,15,3,20,8000,0.203389,4.93178e-05,0.000391678,4.02284e-05,1,5.28149,2.90401,1.31665,0.00455764,0.11481,0.00235914,5.18772,5.27767,5.37682,True,0.204072,0.204073,0.202737,0.205426,4.94726e-05,4.94789e-05,4.91555e-05,4.98007e-05,0.000388983,0.00038848,0.000350961,0.00042821,4.01662e-05,4.01693e-05,3.99008e-05,4.04393e-05,-0.136922,3,2,0,0.01,0,False,0.204866,4.76572e-05,0.206032,3.88815e-05,0.000387748,10,9,11,0.96214,10,13,11
main,matched,alternating,2,15,4,40,8000,0.203389,4.93178e-05,0.000391678,3.80521e-05,1,9.67794,3.61977,3.30037,0.0679789,0.369817,0.0606919,9.42723,9.61186,9.80005,True,0.20354,0.203546,0.202408,0.20469,4.95133e-05,4.95081e-05,4.91895e-05,4.98604e-05,0.000407798,0.000407858,0.000377824,0.000436644,3.80832e-05,3.80864e-05,3.78734e-05,3.82938e-05,-0.0554499,5,2,0,0.01,0,False,0.204866,4.76572e-05,0.202273,3.58931e-05,0.000380153,10,9,11,0.997608,10,13,11
main,matched,alternating,2,15,5,20,8000,0.203389,4.93178e-05,0.000391678,3.40911e-05,1,4.49659,2.53631,2.18524,0.0439604,0.0861023,0.0211786,4.37676,4.45535,4.53757,True,0.203614,0.203596,0.202563,0.20469,4.9494e-05,4.94862e-05,4.91602e-05,4.9837e-05,0.000394353,0.000394926,0.00035495,0.00043392,3.43001e-05,3.42984e-05,3.40484e-05,3.45526e-05,-0.110675,4,2,0,0.01,0,False,0.204866,4.76572e-05,0.203838,3.34763e-05,0.00036924,11,9,11,0.985051,11,13,11
main,matched,alternating,2,15,6,40,8000,0.203389,4.93178e-05,0.000391678,3.22012e-05,1,8.25986,3.32519,4.75835,0.0790427,0.296925,0.0346699,8.1791,8.33572,8.4949,True,0.203668,0.20368,0.202731,0.204609,4.95157e-05,4.95097e-05,4.92145e-05,4.98376e-05,0.00042216,0.000422147,0.000385152,0.000459511,3.23089e-05,3.23106e-05,3.21058e-05,3.25098e-05,-0.0592777,5,2,0,0.01,0,False,0.204866,4.76572e-05,0.204059,3.0628e-05,0.000376207,10,9,11,0.999481,10,13,11
main,matched,alternating,2,15,7,20,8000,0.203389,4.93178e-05,0.000391678,2.91228e-05,1,3.85586,2.26557,2.89617,0.0122749,0.0650295,0.0123732,3.77679,3.84708,3.91277,True,0.203757,0.203759,0.202808,0.204682,4.95105e-05,4.95071e-05,4.91937e-05,4.98376e-05,0.000413321,0.000413052,0.000367121,0.000460876,2.92322e-05,2.92337e-05,2.9004e-05,2.94606e-05,-0.042372,2,2,0,0.01,0,False,0.204866,4.76572e-05,0.205762,2.85276e-05,0.00038008,10,10,11,0.953231,10,13,11
main,matched,alternating,2,15,8,40,8000,0.203389,4.93178e-05,0.000391678,2.80613e-05,1,7.24197,3.03957,5.80998,0.0673126,0.205524,0.0585114,7.03654,7.17647,7.31554,True,0.20367,0.20368,0.202748,0.204556,4.95033e-05,4.95004e-05,4.91904e-05,4.98222e-05,0.000421284,0.000421861,0.000378931,0.000461596,2.82239e-05,2.82264e-05,2.80326e-05,2.84081e-05,-0.0641683,5,2,0,0.01,0,False,0.204866,4.76572e-05,0.202852,2.69732e-05,0.000379137,10,10,11,0.998435,11,13,11
main,matched,alternating,2,15,9,20,8000,0.203389,4.93178e-05,0.000391678,2.57912e-05,1,3.4235,2.03786,3.37622,0.013927,0.0501365,0.00431417,3.34451,3.41125,3.47835,True,0.203668,0.203664,0.20277,0.204545,4.95036e-05,4.95043e-05,4.91962e-05,4.98169e-05,0.000413116,0.000412843,0.000363252,0.000465532,2.58788e-05,2.58805e-05,2.56448e-05,2.61038e-05,-0.10215,2,2,0,0.01,0,False,0.204866,4.76572e-05,0.203832,2.53702e-05,0.000378711,11,10,11,1,11,13,11
main,matched,alternating,2,15,10,40,8000,0.203389,4.93178e-05,0.000391678,2.48363e-05,1,6.44047,2.80144,6.63934,0.0244612,0.160865,0.0159071,6.29332,6.41699,6.54849,True,0.203607,0.203592,0.202807,0.204431,4.94972e-05,4.94944e-05,4.9175e-05,4.98191e-05,0.000391759,0.000390651,0.000346842,0.000438314,2.47583e-05,2.4756e-05,2.45947e-05,2.49171e-05,-0.00991695,4,2,0,0.01,0,False,0.204866,4.76572e-05,0.202502,2.38392e-05,0.000379964,11,10,11,1,11,13,11
main,matched,alternating,2,15,11,20,8000,0.203389,4.93178e-05,0.000391678,2.311e-05,1,3.07393,1.85315,3.76444,0.0214675,0.0439626,0.0134205,2.99824,3.0538,3.1078,True,0.203638,0.203641,0.202805,0.204469,4.9502e-05,4.95018e-05,4.91819e-05,4.98245e-05,0.000398294,0.000396968,0.000347679,0.000453909,2.29571e-05,2.2958e-05,2.2737e-05,2.31805e-05,-0.0509201,2,2,0,0.01,0,False,0.204866,4.76572e-05,0.204867,2.2522e-05,0.000381273,11,10,11,1,12,13,11
main,matched,alternating,2,15,12,40,8000,0.203389,4.93178e-05,0.000391678,2.2365e-05,1,5.82109,2.57935,7.28069,0.0645744,0.141276,0.0193915,5.64076,5.75863,5.87583,True,0.203473,0.203453,0.202732,0.204276,4.95077e-05,4.95085e-05,4.91876e-05,4.98238e-05,0.000370749,0.000370339,0.000323853,0.000419278,2.23141e-05,2.23124e-05,2.21551e-05,2.24701e-05,-0.0374771,4,2,0,0.01,0,False,0.204866,4.76572e-05,0.200551,2.16312e-05,0.000380179,10,10,11,1,13,13,11
main,matched,alternating,2,15,13,20,8000,0.203389,4.93178e-05,0.000391678,2.05615e-05,1,2.74034,1.71355,4.13496,0.052625,0.058618,0.0463017,2.73538,2.78762,2.84062,True,0.203368,0.203354,0.202645,0.204186,4.95117e-05,4.95022e-05,4.92127e-05,4.98207e-05,0.000394021,0.000392134,0.000337283,0.00045166,2.04986e-05,2.05038e-05,2.0289e-05,2.07071e-05,-0.0583442,4,2,0,0.01,0,False,0.204866,4.76572e-05,0.199834,2.0042e-05,0.000383818,11,10,11,1,14,13,11
main,matched,alternating,2,15,14,40,8000,0.203389,4.93178e-05,0.000391678,1.99838e-05,1,5.22002,2.45737,7.90332,0.0363224,0.129102,0.0192959,5.07812,5.185,5.29456,True,0.203419,0.2034,0.202635,0.204181,4.95179e-05,4.95167e-05,4.92072e-05,4.9819e-05,0.000367463,0.0003658,0.000318714,0.000419924,2.00201e-05,2.00196e-05,1.98791e-05,2.01656e-05,-0.0126734,4,2,0,0.01,0,False,0.204866,4.76572e-05,0.205203,1.94576e-05,0.000383995,11,10,11,1,15,13,11
main,matched,alternating,2,15,15,20,8000,0.203389,4.93178e-05,0.000391678,1.88988e-05,1,2.52199,1.57835,4.3775,0.00273461,0.0280119,0.0160115,2.47573,2.52451,2.57069,True,0.203476,0.203475,0.202735,0.204236,4.95167e-05,4.95155e-05,4.92049e-05,4.98278e-05,0.000357443,0.000355304,0.000306296,0.00041675,1.8983e-05,1.89876e-05,1.8777e-05,1.91945e-05,-0.00407568,2,2,0,0.01,0,False,0.204866,4.76572e-05,0.207613,1.87116e-05,0.000383387,10,10,11,1,16,13,11
main,matched,alternating,2,15,16,40,8000,0.203389,4.93178e-05,0.000391678,1.86147e-05,1,4.87248,2.23232,8.26339,0.0279259,0.105506,0.0705848,4.74689,4.84622,4.94796,True,0.203567,0.203559,0.202833,0.204301,4.95092e-05,4.95114e-05,4.91823e-05,4.9822e-05,0.000372418,0.000371559,0.000317766,0.000432341,1.85414e-05,1.85397e-05,1.83951e-05,1.86887e-05,-0.0126243,3,2,0,0.01,0,False,0.204866,4.76572e-05,0.206334,1.8037e-05,0.000382278,11,10,11,1,17,13,11
main,matched,alternating,2,15,17,20,8000,0.203389,4.93178e-05,0.000391678,1.75333e-05,1,2.34225,1.46097,4.57716,0.00566109,0.0280336,0.0059468,2.30104,2.34698,2.3914,True,0.203505,0.203509,0.202736,0.204266,4.9518e-05,4.95203e-05,4.92187e-05,4.9825e-05,0.000367165,0.000365654,0.000307798,0.000434864,1.76759e-05,1.76748e-05,1.74774e-05,1.78781e-05,-0.0467273,3,2,0,0.01,0,False,0.204866,4.76572e-05,0.198345,1.7591e-05,0.000379754,11,10,11,1,18,13,11
main,matched,alternating,2,15,18,40,8000,0.203389,4.93178e-05,0.000391678,1.68448e-05,1,4.42106,2.15565,8.73115,0.108931,0.1583,0.0564371,4.4286,4.52465,4.62817,False,0.203606,0.203606,0.202873,0.20434,4.95016e-05,4.95019e-05,4.91973e-05,4.98131e-05,0.000403775,0.000401961,0.000342344,0.000472796,1.68691e-05,1.68681e-05,1.67287e-05,1.70126e-05,-0.0200375,5,2,0,0.01,0,False,0.204866,4.76572e-05,0.204126,1.63652e-05,0.00038098,11,10,11,1,19,13,11
main,matched,alternating,2,15,19,20,8000,0.203389,4.93178e-05,0.000391678,1.64302e-05,1,2.19677,1.35678,4.73877,0.0658144,0.0703235,0.0648788,2.09611,2.13679,2.17833,False,0.203555,0.203551,0.202821,0.204309,4.95116e-05,4.95101e-05,4.92023e-05,4.98279e-05,0.000380176,0.000377822,0.000314045,0.000454035,1.63022e-05,1.63038e-05,1.61099e-05,1.64938e-05,-0.0381472,4,2,0,0.01,0,False,0.204866,4.76572e-05,0.198377,1.6385e-05,0.000378559,11,10,11,1,20,13,11
main,matched,alternating,2,15,20,40,8000,0.203389,4.93178e-05,0.000391678,1.62563e-05,1,4.27043,1.90587,8.88723,0.0898763,0.0833979,0.0649943,4.09614,4.18361,4.27735,True,0.203494,0.203473,0.202797,0.204251,4.95127e-05,4.95072e-05,4.91921e-05,4.98297e-05,0.000357701,0.00035566,0.000298854,0.000420052,1.62106e-05,1.62117e-05,1.60757e-05,1.63452e-05,-0.00498838,5,2,0,0.01,0,False,0.204866,4.76572e-05,0.201644,1.58988e-05,0.000376125,11,10,11,1,21,13,11
