draw,schedule,noise_um,true_k_pad,true_K0,true_lam,true_final_K,cross_true,cross_A,final_rmse_A_um,final_rmse_B_um,final_rmse_C_um,final_rmse_oracle_um,mean_rmse_C_um,mean_rmse_B_um,mean_rmse_A_um,n_passes_C_better_than_B,in90_k_pad,in90_lam,in90_K,in90_K0,relw_k_pad,relw_lam,relw_K,relerr_k_pad,relerr_lam,relerr_K,corr_logk_logK,B_relerr_k_pad
0,alternating,2,0.0514127,6.54201e-05,0.000167524,2.77568e-05,15,12,1.63907,10.3504,0.0426839,0.123673,0.252417,4.98382,1.39101,19,True,True,False,True,0.0114454,0.15836,0.009465,0.000326192,0.056946,0.00486444,-0.0343764,0.0147567
1,alternating,2,0.00263825,6.65061e-05,0.00017117,2.793e-05,15,12,2.25359,10.3937,0.0750374,0.0631666,0.244633,5.15165,2.21715,19,True,True,True,False,0.0186972,0.150447,0.00958587,-0.00214817,0.0628116,0.0019448,0.00409163,0.00255971
2,alternating,2,0.000920037,5.18764e-05,0.000379041,1.52307e-05,9,12,2.18777,10.016,0.0549458,0.0763583,0.25584,5.2685,2.32927,19,True,True,True,True,0.0476725,0.104461,0.0165939,-0.0127388,0.00290418,0.0062345,-0.00013202,-0.0621821
3,alternating,2,1.25621,5.0914e-05,0.000416065,1.49643e-05,9,12,4.34344,13.0002,0.0354996,0.0145759,0.330636,7.49684,5.69511,20,True,True,True,True,0.00705542,0.1032,0.0128681,-0.00191964,-0.0279737,0.00320312,-0.0710325,-0.00706212
4,alternating,2,0.163498,0.000104092,0.000257282,2.70408e-05,7,12,1.8513,21.2454,0.0274377,0.0621512,0.40856,12.1529,3.61311,20,True,False,True,True,0.00417908,0.0836122,0.00962452,0.000128355,-0.0415454,-0.000612555,0.00465809,0.00200619
5,alternating,2,0.134883,6.06557e-05,0.000305899,1.90409e-05,11,12,0.977319,11.452,0.0912388,0.0372741,0.15636,5.94479,1.30886,20,True,True,True,True,0.00671072,0.119744,0.0132601,-0.000840873,-0.0129881,0.0018116,-0.0150057,-0.00266726
6,alternating,2,0.352031,3.04858e-05,0.000304466,1.53971e-05,21,12,2.59903,4.38936,0.0537465,0.0299756,0.254756,2.31085,3.70264,20,True,False,True,True,0.00799884,0.219128,0.0152039,-0.00202509,-0.102862,-0.00214708,-0.0761938,-0.0108102
7,alternating,2,0.372478,5.62212e-05,0.000164505,2.74876e-05,19,12,3.70669,8.40889,0.0786848,0.0932714,0.257014,4.36338,4.33077,19,True,True,True,True,0.0043577,0.180201,0.00900417,-0.000523979,0.00405432,0.0012536,-0.117069,-0.0148616
8,alternating,2,0.848178,5.16568e-05,0.000224518,2.1338e-05,15,12,4.59102,10.1133,0.106121,0.115835,0.243201,5.32143,5.73849,20,True,True,True,False,0.00546775,0.164628,0.00988382,0.000446551,0.00591747,0.00358552,-0.113754,0.0026651
9,alternating,2,0.319433,6.36999e-05,0.000224183,2.39002e-05,13,12,2.60755,11.4676,0.0841587,0.0788518,0.230995,6.07543,3.75973,20,True,True,True,True,0.00423057,0.117656,0.0107314,0.000784578,0.00388438,-0.0026515,-0.0587439,0.0144005
10,alternating,2,0.0135469,4.15807e-05,0.000223674,1.89704e-05,18,12,1.21197,6.19267,0.0510968,0.0367029,0.26085,3.1051,1.89521,19,True,False,False,True,0.0236214,0.17241,0.0135711,-0.00102706,0.109867,-0.00698837,-0.0269993,0.0212096
11,alternating,2,1.65584,5.43367e-05,0.00021849,2.22131e-05,15,12,6.1809,12.213,0.11171,0.0613433,0.380119,6.72334,7.41967,20,True,True,False,False,0.00466474,0.146522,0.00863592,-9.28972e-05,0.034397,0.0048746,-0.0964407,-0.00803975
12,alternating,2,3.12005,7.02256e-05,0.000223104,2.50949e-05,12,12,8.47688,19.0037,0.057878,0.105191,0.685948,10.6201,10.7554,20,True,True,True,True,0.00334081,0.122933,0.00684209,0.000927183,-0.0150646,0.000175144,-0.0927242,0.00363157
13,alternating,2,0.842023,8.66968e-05,0.000173562,3.15969e-05,13,12,7.11744,18.554,0.0791229,0.0726903,0.562973,10.184,9.18398,20,True,True,True,True,0.00356684,0.132373,0.00687892,0.00122752,-0.00152414,0.00127521,-0.0616598,0.00810048
14,alternating,2,0.00105566,6.50552e-05,0.000251873,2.26169e-05,11,12,1.54896,11.6933,0.0232932,0.0357271,0.256567,6.11601,1.86812,19,True,True,True,True,0.0334265,0.122288,0.0117723,0.0128379,-0.0100434,0.00176306,0.0236892,0.0181083
15,alternating,2,0.203389,4.93178e-05,0.000391678,1.58592e-05,10,12,1.92985,9.34905,0.0909142,0.0662863,0.169893,5.13849,2.50891,20,True,True,True,True,0.0070536,0.117634,0.0157612,0.00010197,-0.0438295,-0.000963491,-0.0472999,0.00700977
16,alternating,2,0.00817383,6.34585e-05,0.000129333,3.27787e-05,21,12,3.20723,8.36541,0.0649126,0.00714246,0.247518,3.96938,2.44814,18,True,True,True,True,0.0150623,0.199039,0.00826615,-0.00451456,-0.00169543,0.000643998,-0.00484303,-0.0061854
17,alternating,2,0.844872,3.43188e-05,0.000198144,1.92753e-05,25,12,4.23056,5.13847,0.0156609,0.0130081,0.261446,2.79526,4.97798,20,True,True,True,False,0.00712799,0.210584,0.0108976,0.00176995,0.0224487,0.00360842,-0.10898,0.0202296
18,alternating,2,0.0111182,5.93734e-05,0.00026007,2.0215e-05,11,12,1.0682,10.6085,0.0331708,0.0511319,0.209194,5.43141,1.23481,19,True,False,True,True,0.0195913,0.118158,0.0130468,0.00420211,0.0711815,-0.00226687,-0.0228806,-0.00100426
19,alternating,2,0.0320614,5.7304e-05,0.000232591,2.24927e-05,14,12,0.556189,9.52202,0.0200066,0.0464272,0.247277,4.65565,0.640625,19,True,True,True,True,0.0125338,0.157719,0.0116896,-0.000762327,-0.0193267,0.00124509,-0.00204854,-0.0218525
20,alternating,2,0.00148679,5.13882e-05,0.000334693,1.68618e-05,11,12,1.86354,9.4137,0.0514044,0.0047182,0.232372,4.87463,2.11744,19,True,True,True,True,0.0321079,0.117264,0.0150975,-0.000793665,0.00329358,-0.00155662,-0.00199775,-0.0105286
21,alternating,2,0.0232812,3.8188e-05,0.000346871,1.49207e-05,13,12,2.0082,6.34429,0.0926112,0.0992029,0.281063,3.26365,2.54191,19,True,True,False,True,0.0232142,0.137121,0.0172565,-0.000844555,0.00714087,-0.00890864,0.0229532,-0.053949
22,alternating,2,3.06271,6.15639e-05,0.000243022,2.17239e-05,13,12,7.31047,16.7547,0.00566823,0.0431451,0.565787,9.266,9.40404,20,True,True,True,True,0.00421385,0.137838,0.00791314,8.2774e-05,0.0383115,-0.00312504,-0.0853452,-0.000203752
23,alternating,2,0.00966661,6.00985e-05,0.000461774,1.42745e-05,7,12,2.24037,12.3609,0.0780702,0.0662828,0.248716,6.80864,2.08662,19,True,True,True,False,0.0183449,0.0954227,0.0182235,0.00918417,0.0111335,-0.00231516,-0.0330255,0.0305013
24,alternating,2,0.00189826,9.25037e-05,0.000285091,2.15544e-05,7,12,1.40963,19.311,0.029525,0.0124278,0.343418,10.5355,2.50471,19,True,True,True,True,0.0194532,0.0858189,0.0122464,0.00393619,-0.0036774,-0.00559839,-0.00439603,-0.00849791
25,alternating,2,0.269315,5.0659e-05,0.000204286,2.22811e-05,17,12,1.99072,8.04605,0.0832365,0.0548447,0.181974,4.03051,2.88999,20,True,True,True,True,0.00495534,0.161303,0.0111532,0.000727096,0.0418527,0.00195968,-0.0509646,0.0168603
26,alternating,2,0.487647,5.47067e-05,0.000222702,2.30188e-05,15,12,3.59345,9.73783,0.0360414,0.0292721,0.232015,5.21418,4.57546,20,True,True,True,True,0.005213,0.143045,0.010147,0.000514149,0.000894967,-0.000468039,-0.0953387,-0.000498937
27,alternating,2,0.325409,5.78473e-05,0.000232689,2.24346e-05,13,12,2.45946,10.2478,0.0611844,0.0819297,0.179323,5.5376,3.45626,20,True,True,True,True,0.00492054,0.143786,0.0109524,-0.000575272,0.029359,0.00282904,-0.0670437,-0.00224084
28,alternating,2,0.749298,5.07873e-05,0.000248174,2.02509e-05,13,12,4.15374,10.0858,0.0505939,0.0227637,0.263286,5.6991,5.14205,20,True,False,True,True,0.00658196,0.127164,0.0107544,0.0023241,0.0843683,-0.0049839,-0.10928,0.00447835
29,alternating,2,0.000914479,6.16461e-05,0.00027674,1.95472e-05,10,12,1.55555,11.5115,0.0569284,0.00937438,0.229375,5.95573,1.84784,19,True,True,True,True,0.0412996,0.123777,0.0134026,-0.0120805,0.0492565,-0.0029536,0.0131951,0.0137414
30,alternating,2,0.0217527,6.47009e-05,0.000144224,3.12053e-05,19,12,2.70779,9.15083,0.120299,0.0383542,0.265567,4.39782,2.0515,19,True,True,True,True,0.0116612,0.153459,0.00850792,-0.00321682,0.0374824,0.00138409,-0.0208578,-0.00329533
31,alternating,2,0.146555,5.82261e-05,0.000420221,1.52044e-05,8,12,1.89663,11.8674,0.0365302,0.0077263,0.164359,6.5385,1.9935,20,True,True,True,True,0.00767425,0.0909311,0.0164262,-0.000163769,-0.0183994,-0.000562217,-0.00084621,-0.00467198
32,alternating,2,0.0315541,4.45216e-05,0.000165634,2.50354e-05,24,12,1.03185,5.36256,0.0694992,0.0867225,0.271309,2.47784,1.06072,19,True,True,True,True,0.0131003,0.235281,0.0106188,0.00146688,-0.0673684,-0.00324065,-0.00546198,0.00554981
33,alternating,2,4.97013,4.94411e-05,0.000246268,2.191e-05,17,12,8.44426,12.573,0.184813,0.181489,0.500375,6.82992,9.66691,20,False,True,True,False,0.00365473,0.164538,0.00716444,0.00207388,-0.0745275,-0.00284598,-0.112634,0.00442818
34,alternating,2,0.00242178,7.38486e-05,0.000343318,1.86119e-05,8,12,1.55218,15.0231,0.0142049,0.00499479,0.260245,8.17055,1.8022,19,False,True,True,True,0.0232969,0.0902807,0.0141231,-0.0152466,-0.0116095,-0.00464991,-0.0158118,0.0122219
35,alternating,2,0.274584,7.31756e-05,0.000173687,2.95443e-05,15,12,3.35063,12.3787,0.0617411,0.114037,0.294311,6.17924,4.61019,19,True,True,True,True,0.00379134,0.15801,0.00867018,0.00133106,-0.0344666,0.000232133,-0.0470255,-0.00534399
36,alternating,2,0.192736,5.91761e-05,0.000232007,2.30109e-05,13,12,1.35137,10.0239,0.00774076,0.0104207,0.145477,5.16338,2.12445,20,True,True,True,True,0.00550031,0.137651,0.011114,0.000537947,-0.02145,0.00168033,-0.0275795,-2.25801e-05
37,alternating,2,0.366699,0.000106728,0.000220518,2.77427e-05,8,12,3.71572,23.2021,0.0149179,0.0258248,0.570042,13.5065,6.32119,20,True,True,True,True,0.0031341,0.099868,0.00889826,-0.00153073,0.0471486,-0.00123535,-0.0636976,-0.0066155
38,alternating,2,0.0168294,7.65938e-05,0.000530194,1.25014e-05,5,12,2.65546,17.4288,0.0152122,0.0119457,0.311564,10.0433,2.18949,19,True,True,True,True,0.0178252,0.0666581,0.0195574,-0.00866674,0.0111505,0.0083782,-0.000518237,-0.0100126
39,alternating,2,2.00089,6.34626e-05,0.000277031,2.15401e-05,11,12,6.41771,16.4751,0.0325949,0.0343209,0.504994,9.10727,8.42131,20,True,True,True,False,0.00434485,0.11785,0.0085251,-0.000378618,-0.037652,0.00162711,-0.103506,-0.0018248
40,alternating,2,0.0104006,4.88093e-05,0.000304774,1.80602e-05,13,12,1.39759,8.25994,0.0220196,0.0118437,0.239181,4.14807,1.70542,19,True,True,True,False,0.0237857,0.120778,0.0143124,0.000576576,-0.0258368,0.00121579,-0.0194119,-0.00951979
41,alternating,2,0.000824368,5.60693e-05,0.000224817,2.20559e-05,13,12,1.53321,9.35999,0.0348979,0.0189828,0.227762,4.74472,1.83086,19,False,True,True,True,0.0435667,0.145827,0.0117819,0.0225706,0.0424255,0.00181824,0.0184701,-0.00900461
42,alternating,2,0.211394,8.04403e-05,0.000212391,2.70258e-05,11,12,2.22437,14.8372,0.00611663,0.0353036,0.260857,7.94195,3.54637,20,True,True,True,True,0.00467471,0.11324,0.00938633,-0.00152455,-0.0125932,0.00216118,-0.0136138,-0.00211004
43,alternating,2,0.0611176,6.16414e-05,0.000185597,2.61391e-05,16,12,1.21206,9.68367,0.121926,0.127784,0.269032,4.40848,1.11927,18,True,True,True,True,0.0109916,0.16069,0.0102238,-8.18164e-05,-0.0426987,0.00110907,-0.0334462,0.000244947
44,alternating,2,0.00877544,8.00801e-05,0.000153841,3.23328e-05,13,12,3.08544,12.9317,0.157475,0.130756,0.314934,6.47753,3.17957,19,True,False,True,True,0.0113248,0.109487,0.00822323,0.00193364,0.0575394,0.00220767,0.00810187,-0.00852423
45,alternating,2,0.164134,7.18197e-05,0.000281725,2.06778e-05,9,12,0.98368,14.1276,0.00826446,0.0258261,0.204606,7.69718,1.81591,20,True,True,True,True,0.00541645,0.0951398,0.0125533,6.74035e-05,0.0496206,-0.00217599,-0.00565296,-0.00275923
46,alternating,2,0.0065048,6.25317e-05,0.000379231,1.62531e-05,8,12,1.81846,12.523,0.00505458,0.0347089,0.210426,6.76099,1.76896,19,True,True,True,True,0.0225635,0.0954304,0.0157897,0.00842571,0.0115327,0.00112021,-0.00631766,-0.0267454
47,alternating,2,0.11732,4.21433e-05,0.00027008,1.85389e-05,16,12,1.0008,6.44678,0.00108605,0.0145596,0.214154,3.27102,1.83366,19,True,True,False,True,0.00988874,0.160974,0.0138628,0.000755743,-0.0265014,-0.00839713,-0.0123226,-0.00242325
48,alternating,2,0.192416,5.71096e-05,0.00044031,1.42518e-05,7,12,2.24492,11.9007,0.0208528,0.0164713,0.160629,6.65895,2.46175,20,True,True,True,True,0.00681077,0.0916315,0.0170202,-0.000584658,-0.00351677,0.00740728,-0.0272829,-0.000588859
49,alternating,2,4.7392,6.62195e-05,0.000174116,2.79132e-05,15,12,10.6449,17.4151,0.20962,0.104179,0.722718,9.52911,12.3831,20,True,True,True,True,0.00348984,0.156205,0.0058001,-9.63887e-05,0.0452713,-0.00162663,-0.149388,-0.00412916
50,alternating,2,0.0828523,7.06437e-05,0.00013876,3.21792e-05,17,12,2.90715,10.5261,0.0730211,0.00238429,0.250086,5.13919,2.4282,19,False,True,True,True,0.00706317,0.156794,0.00831165,0.00363931,0.0804641,-0.00341887,-0.00237514,-0.00195414
51,alternating,2,1.68862,7.48566e-05,0.0001558,3.1883e-05,16,12,9.18554,16.2008,0.0967267,0.0659934,0.619103,8.59674,10.8713,19,True,True,True,False,0.00311917,0.14969,0.00605701,0.000659808,-0.0140301,0.00128266,-0.0898156,0.0013078
52,alternating,2,0.203444,3.17471e-05,0.000307864,1.46458e-05,18,12,2.18696,4.79812,0.1142,0.0440412,0.251621,2.46503,3.15137,20,True,True,True,True,0.00912641,0.196895,0.0179775,0.00354276,-0.0115047,-0.003465,-0.0557838,-0.0110827
53,alternating,2,0.0508977,6.60853e-05,0.000194473,2.68423e-05,14,12,1.38876,10.7077,0.0400924,0.0105021,0.230289,5.33786,1.12674,19,False,True,True,True,0.0110147,0.127629,0.00986215,0.00836708,0.000560404,0.00339899,-0.0376883,-0.000425071
54,alternating,2,0.458467,7.80247e-05,0.000173308,2.95043e-05,13,12,4.77699,14.7879,0.0934641,0.119988,0.392678,7.99542,6.28011,20,True,True,True,True,0.00395791,0.12466,0.00810416,0.000221652,0.0317269,-0.0011481,-0.100027,0.000946082
55,alternating,2,0.230568,6.21485e-05,0.00027544,2.05083e-05,11,12,1.55708,11.6725,0.0471845,0.024434,0.149066,6.31531,2.48319,20,True,True,True,True,0.00502164,0.114791,0.0121416,0.000675995,0.0185367,0.00488583,-0.0206557,-0.000593636
56,alternating,2,0.64706,6.61169e-05,0.000251971,2.25268e-05,11,12,4.22433,14.0469,0.0466893,0.0494651,0.327253,7.84732,5.6965,20,True,True,True,True,0.00452423,0.101771,0.0098413,0.00102756,0.01559,-0.00390199,-0.0943003,-0.0100252
57,alternating,2,0.0470275,5.70565e-05,0.000130068,2.99547e-05,22,12,2.23541,7.33031,0.166744,0.121659,0.285149,3.32628,1.3293,18,True,True,True,True,0.0113987,0.213243,0.00891237,-0.00159137,0.0395367,0.00180029,-0.03095,-0.0238045
58,alternating,2,0.0639866,5.98522e-05,0.000248563,2.20695e-05,12,12,0.143807,10.3913,0.0871126,0.0499215,0.20691,5.21343,0.172493,19,True,True,True,True,0.0133131,0.134119,0.0117019,0.0012061,0.00826986,-0.00266735,0.0180851,0.00971618
59,alternating,2,0.0603766,5.56415e-05,0.000209291,2.44986e-05,16,12,0.761501,8.49407,0.0409316,0.0187997,0.232474,4.07942,0.385793,18,True,True,True,True,0.012797,0.162477,0.0108198,-0.00560505,-0.0332464,1.39722e-05,0.0076998,-0.0141253
60,alternating,2,1.51384,6.91124e-05,0.00024361,2.3889e-05,11,12,6.44806,16.812,0.0160115,0.0160637,0.511791,9.22397,8.49323,20,True,False,True,True,0.00425061,0.123958,0.00824341,0.00204151,-0.0717426,-0.000928847,-0.0756286,-0.00265121
61,alternating,2,0.776684,5.75126e-05,0.000294218,1.88414e-05,11,12,4.01951,12.8736,0.0826754,0.116518,0.279843,7.20143,5.37887,20,True,True,True,True,0.00621328,0.12331,0.0111944,0.000442247,0.0281001,6.9854e-05,-0.0663798,-0.000809918
62,alternating,2,0.00413077,7.94495e-05,0.000309491,2.04002e-05,8,12,1.28318,16.0825,0.0661629,0.0800358,0.293665,8.83458,1.7484,19,True,True,True,True,0.0188611,0.0922443,0.0128976,-0.00166322,0.0188607,0.000968653,0.014296,-0.0195945
63,alternating,2,0.028985,6.94013e-05,0.000270945,2.33032e-05,11,12,0.740914,12.4897,0.124624,0.0935422,0.274002,6.4978,0.944929,19,True,False,True,True,0.0119899,0.107502,0.0114609,0.00312326,-0.0732766,0.00284063,-0.0657956,0.00643162
64,alternating,2,0.0662107,7.03688e-05,0.000275866,2.06157e-05,9,12,0.325036,13.605,0.0429911,0.0624857,0.207278,7.04196,0.570595,19,True,True,True,True,0.0125215,0.121657,0.0126762,0.00304239,0.0313323,-0.000123169,-0.0102642,0.00542753
65,alternating,2,2.67731,5.85756e-05,0.000146337,2.79425e-05,17,12,9.13244,12.6153,0.352112,0.271519,0.546189,6.80767,10.1173,19,True,False,True,True,0.00463267,0.154971,0.00631984,-4.10254e-05,0.117292,0.000151946,-0.078802,-0.0081057
66,alternating,2,0.000736306,5.17716e-05,0.000349299,1.62991e-05,10,12,1.98807,9.66928,0.0555143,0.0672285,0.231263,5.0821,2.25218,19,True,True,True,True,0.0590206,0.122274,0.0153485,-0.0103059,0.00113143,0.00353992,0.036137,-0.0320926
67,alternating,2,0.0466334,4.18841e-05,0.000409281,1.36311e-05,11,12,2.23642,7.66021,0.0295336,0.0233732,0.271813,3.99593,2.46652,19,True,True,True,True,0.0197332,0.128459,0.0178679,0.000479094,-0.00282994,0.00181722,0.00778772,-0.0119424
68,alternating,2,0.00321112,5.33881e-05,0.000304005,1.78468e-05,11,12,1.62802,9.72651,0.0181157,0.014383,0.25088,4.93981,1.80878,19,True,True,False,True,0.0294976,0.136968,0.0146047,0.000833702,0.0272485,-0.00941123,0.0204682,0.000305611
69,alternating,2,0.48676,8.38084e-05,0.000163375,3.27348e-05,13,12,5.76765,15.593,0.0474821,0.0393504,0.442645,8.50175,7.23174,20,True,True,True,False,0.00368715,0.121126,0.0073399,-0.000327765,-6.71982e-05,0.00108402,-0.105595,-0.000236062
70,alternating,2,0.761916,7.31397e-05,0.000378525,1.71168e-05,7,12,3.79896,18.5976,0.100673,0.107695,0.430371,10.9499,5.62198,20,False,True,True,True,0.0055512,0.0896206,0.012438,0.00282556,-0.018771,-0.00470144,-0.0830461,0.00383679
71,alternating,2,0.025172,5.13495e-05,0.000320872,1.78963e-05,12,12,1.27549,9.12755,0.0388371,0.0363011,0.264298,4.59154,1.36902,19,False,False,True,True,0.0170533,0.129932,0.0143441,0.00860624,-0.0632507,0.00521743,-0.018853,0.00457947
72,alternating,2,3.13234,3.74955e-05,0.000253613,1.77503e-05,19,12,6.17448,8.31534,0.0615767,0.0410439,0.348986,4.36161,7.19878,20,True,True,True,True,0.00600922,0.192964,0.00924928,-0.000314438,-0.012341,0.00213089,-0.0921793,-0.0107365
73,alternating,2,0.616577,6.02017e-05,0.000110569,3.38251e-05,26,12,6.81194,8.41973,0.0639285,0.100311,0.3241,4.27859,7.01877,19,True,True,True,True,0.00425646,0.206704,0.00674203,-0.000124701,0.0166167,0.000191098,-0.125451,-0.00120892
74,alternating,2,0.0228227,4.94077e-05,0.000559936,1.17289e-05,7,12,2.82951,10.271,0.0148164,0.00449544,0.265752,5.6687,2.72162,19,True,True,True,True,0.024276,0.0809924,0.0208318,-0.00890448,-0.0117761,0.000302329,-0.0198853,0.000385333
75,alternating,2,0.928244,3.54826e-05,0.00026817,1.64175e-05,17,12,4.03625,6.53069,0.00517218,0.053116,0.257047,3.56491,4.9714,20,True,True,True,True,0.00669054,0.155558,0.0127906,-0.00268405,0.0587675,-0.00276753,-0.0958184,-0.011457
76,alternating,2,0.71997,6.57843e-05,0.000303747,1.94692e-05,9,12,3.96051,15.2063,0.0778257,0.0295486,0.323412,8.61985,5.56581,20,False,True,True,True,0.00580201,0.106403,0.0112976,-0.00400608,0.0127267,0.00233318,-0.0824595,-0.00444585
77,alternating,2,0.0817137,4.35941e-05,0.000220371,2.07945e-05,19,12,0.360531,6.28608,0.00602418,0.0511004,0.247756,3.16467,1.28758,19,True,True,True,True,0.012813,0.173919,0.0124465,-0.00531934,-0.0290159,0.00120677,-0.0127114,-0.00361908
78,alternating,2,1.85349,6.93143e-05,0.000370375,1.65201e-05,7,12,5.08301,20.2862,0.056916,0.0377552,0.533746,11.8262,7.45671,20,True,True,True,True,0.00471524,0.0927404,0.0110419,-0.000948982,0.0139745,-0.00218587,-0.0820445,-0.00467827
79,alternating,2,0.740512,5.57362e-05,0.00024105,2.09099e-05,13,12,4.23726,11.3837,0.0381079,0.0649136,0.312129,5.92697,5.61323,20,True,True,True,False,0.00591022,0.14071,0.0103281,-0.00182632,0.0144299,-0.00403354,-0.112268,0.00037322
80,alternating,2,0.00339241,3.7325e-05,0.000191289,2.04996e-05,23,12,1.3264,4.52607,0.0612216,0.0541378,0.293709,2.22168,2.18762,18,True,True,True,True,0.0289381,0.210083,0.0129114,-0.00726664,0.0014159,-0.004629,0.015984,-0.0216222
81,alternating,2,0.0132126,4.54702e-05,0.000226374,1.88946e-05,16,12,1.22693,7.25936,0.161724,0.13751,0.252893,3.51572,1.62293,19,True,False,True,True,0.0215116,0.170626,0.0135019,-0.00724531,0.121137,0.00184915,-0.0607178,-0.0115989
82,alternating,2,0.928298,5.6716e-05,0.000245435,2.17002e-05,13,12,4.85046,12.0136,0.0412374,0.027986,0.291882,6.59328,6.12356,20,False,True,True,True,0.00488486,0.138477,0.00968091,-0.00345756,-0.00737395,0.000195189,-0.0961707,-0.00110587
83,alternating,2,0.0103727,0.000118984,0.000262281,2.63888e-05,7,12,1.63486,25.1913,0.072795,0.146911,0.49428,14.2027,3.66941,19,True,False,True,True,0.0116206,0.0829864,0.0100485,-0.00545971,-0.0448746,0.000211306,-0.0233987,-0.0143284
84,alternating,2,4.60615,6.86601e-05,0.00017988,2.76829e-05,14,12,10.4685,18.5773,0.258936,0.23379,0.745328,10.3568,12.3298,20,True,True,False,True,0.00286867,0.131183,0.0057737,0.000422021,0.0558991,0.00297521,-0.0943546,-0.003492
85,alternating,2,0.0015813,2.67028e-05,0.000240519,1.56557e-05,29,12,2.0829,3.05526,0.099152,0.0973591,0.329133,1.60393,3.31287,18,True,True,False,False,0.0434808,0.22986,0.0166352,0.00661245,0.00295916,-0.0109792,-0.00027567,-0.0931163
86,alternating,2,0.138708,6.20049e-05,0.000103824,3.67423e-05,29,12,4.26757,6.97509,0.060933,0.0415604,0.206597,3.36835,3.10041,19,True,True,True,True,0.00492483,0.235833,0.00726723,0.000504484,-0.0105597,-0.00302772,-0.00489898,-0.0011547
87,alternating,2,3.28879,6.643e-05,0.000488651,1.35161e-05,7,12,5.27925,22.498,0.021274,0.0407229,0.649165,13.6112,7.79268,20,True,True,True,True,0.00447358,0.0767105,0.0121434,-0.000724269,0.00758992,0.000448463,-0.0710265,-0.00119658
88,alternating,2,2.41053,4.57986e-05,0.000236758,2.05849e-05,17,12,6.54218,10.1958,0.00360599,0.0125044,0.375034,5.55609,7.5543,20,True,True,True,True,0.00547886,0.138182,0.00863225,0.000115839,0.0373104,-0.00150969,-0.0934009,0.0127174
89,alternating,2,0.213245,5.95213e-05,0.000239977,2.29271e-05,13,12,1.53265,10.1959,0.13061,0.177611,0.153582,5.45688,2.3279,20,True,True,True,True,0.00527387,0.13083,0.0114176,-0.00115109,0.00136681,-0.00534763,-0.0202567,-0.00911002
90,alternating,2,1.75948,5.76882e-05,0.000247881,2.2605e-05,13,12,6.41739,13.4387,0.027705,0.0505136,0.407417,7.30187,7.9146,20,False,False,True,True,0.00461652,0.133572,0.00837315,0.00268842,-0.0669826,0.00178335,-0.107716,0.00403094
91,alternating,2,0.0875012,5.84519e-05,0.000410688,1.54207e-05,8,12,1.73868,11.7548,0.0207409,0.0105691,0.188103,6.35244,1.55921,19,True,True,True,False,0.0124933,0.0992388,0.0163969,-0.00262046,-0.00621266,0.00248833,-0.0182746,-0.00558086
92,alternating,2,0.0370018,5.53342e-05,0.000343825,1.7626e-05,10,12,1.20528,10.2202,0.0468956,0.0800858,0.23976,5.28868,1.18342,19,True,True,True,True,0.0164043,0.112716,0.0146362,0.00336781,-0.0349901,-0.000647487,-0.0246519,-0.00951429
93,alternating,2,0.0767067,6.89485e-05,0.000157901,3.00503e-05,16,12,2.3137,10.69,0.00459099,0.0971604,0.259598,5.11149,2.09244,18,True,True,True,True,0.00903212,0.161655,0.00880141,-0.00149778,0.0500034,-0.000591458,0.000178821,0.0149728
94,alternating,2,0.00780545,7.24382e-05,0.000267599,2.25376e-05,10,12,1.09058,13.4666,0.0241769,0.036874,0.234805,6.97532,1.5399,19,True,True,True,True,0.0181548,0.11557,0.0117034,0.000489253,-0.036008,-0.00161576,0.00408863,-0.0161161
95,alternating,2,0.00426294,6.36387e-05,0.000175704,2.81509e-05,17,12,2.20377,9.62739,0.00784108,0.00150023,0.24369,4.57712,2.11943,19,True,True,False,True,0.017721,0.160201,0.00956759,0.00550843,-0.016426,-0.00476232,-0.0194522,0.023329
96,alternating,2,0.011371,9.67105e-05,0.00021972,2.77868e-05,9,12,1.93976,18.662,0.0590957,0.00105107,0.379812,9.9768,3.1257,19,True,True,False,True,0.012113,0.102359,0.00969868,-0.00377514,-0.0138583,0.00544549,-0.0351489,-0.0201449
97,alternating,2,0.0016636,6.6731e-05,0.000224376,2.29803e-05,11,12,1.50884,11.9536,0.0499857,0.0428171,0.235725,6.06231,1.88584,19,False,False,True,True,0.0231514,0.120152,0.0114004,-0.0132409,0.0735124,0.00350412,0.0466775,-0.0347293
98,alternating,2,4.36855,4.66051e-05,0.00015921,2.4918e-05,23,12,9.24706,9.72521,0.103544,0.00298877,0.454693,4.99147,9.92577,19,True,True,True,True,0.00423182,0.199072,0.00653009,-0.000916961,0.021483,0.00169999,-0.131858,0.00740451
99,alternating,2,0.149256,7.23179e-05,0.000232742,2.45269e-05,11,12,1.19881,13.0774,0.0635556,0.0215804,0.178077,6.71494,2.13478,20,True,True,True,False,0.00562013,0.129347,0.0107636,0.00160999,-0.0248712,-0.00299564,-0.00310488,0.0113787
