world,n_draws,final_rmse_A_um,final_rmse_C_um,final_rmse_oracle_um,C_over_oracle,predictive_coverage,coverage_k_pad,coverage_lam,coverage_K,crossing_mean_abs_err_last,crossing_band_coverage_last,sigma_C_um
matched,12,2.40409,0.072518,0.0612028,1.57728,0.960526,1,1,1,0.25,1,2
only_pad,12,2.36105,0.0779122,0.0611995,1.73187,0.947368,0.0833333,1,1,0.25,1,2
only_removal,12,2.29034,0.256831,0.0594562,4.49391,0.960526,0,1,0,0.3,1,2.10452
only_force,12,2.40709,0.174428,0.156696,0.951393,0.859649,0.25,0.416667,0.5,0.583333,1,2
only_wear,12,2.4138,0.390434,0.0518381,7.61959,0.95614,0.166667,1,0.833333,0.5,1,2
only_scan,12,2.40409,0.055306,0.0612028,1.06205,0.951754,0.333333,0.75,0.833333,0,1,2.929
realistic,12,2.20271,0.390042,0.109011,3.59325,0.872807,0,0.75,0.0833333,0.416667,1,3.02192
radial_wear,12,2.32387,0.599631,0.0584013,9.9982,0.899123,0,1,0.583333,0.416667,1,2
edge_tilt,12,3.57658,2.5702,0.0636868,38.2192,0.333333,0,1,0.166667,0.25,1,2.7866
loading,12,2.38476,0.32614,0.057387,6.7415,0.526316,0.25,0,0,1.9,0.2,2
