world,lead_passes,n_draws,mean_abs_err_C,mean_abs_err_A,mean_abs_err_D,band_coverage_C
realistic_b,1,24,1.125,1.5,1.16667,0.916667
realistic_b,2,24,1.04167,1.5,1.125,0.916667
realistic_b,3,24,1,1.5,1.08333,0.958333
realistic_b,4,24,1.08333,1.5,1.16667,0.958333
realistic_b,5,24,1.25,1.5,1.16667,0.958333
realistic_b,6,24,1.70833,1.5,1.33333,0.875
realistic_b,7,24,2,1.5,1,0.875
realistic_b,8,24,2.375,1.5,1.625,0.833333
realistic_b,9,24,2.625,1.5,3.75,0.791667
realistic_b,10,24,4.41667,1.5,5.70833,0.625
realistic_c,1,48,0.8125,2.02083,0.708333,0.895833
realistic_c,2,48,0.916667,2.02083,0.666667,0.958333
realistic_c,3,48,0.8125,2.02083,0.583333,0.979167
realistic_c,4,48,1.1875,2.02083,0.625,0.979167
realistic_c,5,48,1.4375,2.02083,0.666667,0.916667
realistic_c,6,48,1.3125,2.02083,0.854167,0.958333
realistic_c,7,48,1.85417,2.02083,1.125,0.895833
realistic_c,8,48,2,2.02083,1.25,0.833333
realistic_c,9,48,2.39583,2.02083,2.08333,0.833333
realistic_c,10,48,2.79167,2.02083,2.5,0.729167
realistic_d,1,9,2.11111,1.44444,0.777778,0.444444
realistic_d,2,9,2.33333,1.44444,0.666667,0.444444
realistic_d,3,9,2.77778,1.44444,0.777778,0.222222
realistic_d,4,9,3.11111,1.44444,1.44444,0.111111
realistic_d,5,9,3.55556,1.44444,1.11111,0
realistic_d,6,9,4.33333,1.44444,2,0
realistic_d,7,9,5.22222,1.44444,2.11111,0
realistic_d,8,9,5.66667,1.44444,2.66667,0
realistic_d,9,9,6.44444,1.44444,13.4444,0
realistic_d,10,9,7.77778,1.44444,11.8889,0.222222
